language,sentence_id,token_id,head_id,dependent_id,intervener_id,dependency_relation,dependency_distance,direction,intervener_upos,head_upos,dependent_upos,arity,subtree_size,depth,modifies,complexity_score,efficiency_ratio,language_label,treebank,typology,family,region,condition,replicate,source_file,morphological_richness,head_form,dependent_form,intervener_form
telugu,54,2,4,1,2,subj,2,left,ADV,VERB,PRON,0,1,1,modifies_head,1.55,1.2903225806451613,Telugu,SUD_Telugu-MTG,SOV,Dravidian,South Asia,real,0,te_mtg-sud-dev.conllu,0,తింటాం,మనం,ఎందుకు
telugu,54,3,4,1,3,subj,2,left,NOUN,VERB,PRON,0,1,1,modifies_head,1.6,1.25,Telugu,SUD_Telugu-MTG,SOV,Dravidian,South Asia,real,0,te_mtg-sud-dev.conllu,0,తింటాం,మనం,అన్నం
telugu,54,3,4,2,3,mod,1,left,NOUN,VERB,ADV,0,1,1,modifies_head,1.6,0.625,Telugu,SUD_Telugu-MTG,SOV,Dravidian,South Asia,real,0,te_mtg-sud-dev.conllu,0,తింటాం,ఎందుకు,అన్నం
telugu,59,2,3,1,2,subj,1,left,NOUN,VERB,PRON,0,1,1,modifies_head,1.6,0.625,Telugu,SUD_Telugu-MTG,SOV,Dravidian,South Asia,real,0,te_mtg-sud-dev.conllu,0,చెయ్యాలి,నువ్వు,పని
telugu,64,2,5,1,2,subj,3,left,DET,VERB,PRON,0,1,2,neither,1.7999999999999998,1.6666666666666667,Telugu,SUD_Telugu-MTG,SOV,Dravidian,South Asia,real,0,te_mtg-sud-dev.conllu,0,వచ్చింది,నేను,ఆ
telugu,64,3,5,1,3,subj,3,left,NOUN,VERB,PRON,1,2,1,modifies_head,3.2,0.9375,Telugu,SUD_Telugu-MTG,SOV,Dravidian,South Asia,real,0,te_mtg-sud-dev.conllu,0,వచ్చింది,నేను,పని
telugu,64,4,5,1,4,subj,3,left,VERB,VERB,PRON,0,1,1,modifies_head,1.65,1.8181818181818183,Telugu,SUD_Telugu-MTG,SOV,Dravidian,South Asia,real,0,te_mtg-sud-dev.conllu,0,వచ్చింది,నేను,చెయ్యాల్సి
telugu,64,4,5,3,4,comp:obj,1,left,VERB,VERB,NOUN,0,1,1,modifies_head,1.65,0.6060606060606061,Telugu,SUD_Telugu-MTG,SOV,Dravidian,South Asia,real,0,te_mtg-sud-dev.conllu,0,వచ్చింది,పని,చెయ్యాల్సి
telugu,68,2,3,1,2,mod@poss,1,left,NOUN,NOUN,PRON,0,1,2,modifies_head,2.0,0.5,Telugu,SUD_Telugu-MTG,SOV,Dravidian,South Asia,real,0,te_mtg-sud-dev.conllu,0,ఊరు,మీ,తల్లిదండ్రుల
telugu,69,2,4,1,2,subj,2,left,PRON,NOUN,PRON,0,1,2,neither,1.8499999999999999,1.0810810810810811,Telugu,SUD_Telugu-MTG,SOV,Dravidian,South Asia,real,0,te_mtg-sud-dev.conllu,0,గోడలు,అవి,మా
telugu,69,3,4,1,3,subj,2,left,NOUN,NOUN,PRON,1,2,1,modifies_head,3.2,0.625,Telugu,SUD_Telugu-MTG,SOV,Dravidian,South Asia,real,0,te_mtg-sud-dev.conllu,0,గోడలు,అవి,ఇళ్ళ
telugu,72,2,3,1,2,subj,1,left,NOUN,NOUN,PRON,0,1,1,modifies_head,1.6,0.625,Telugu,SUD_Telugu-MTG,SOV,Dravidian,South Asia,real,0,te_mtg-sud-dev.conllu,0,బుట్ట,ఇది,పళ్ళ
telugu,79,2,4,1,2,udep@tmod,2,left,PRON,VERB,NOUN,0,1,1,modifies_head,1.45,1.3793103448275863,Telugu,SUD_Telugu-MTG,SOV,Dravidian,South Asia,real,0,te_mtg-sud-dev.conllu,0,లేదు,ఇవ్వేళ,ఆమె
telugu,79,3,4,1,3,udep@tmod,2,left,ADV,VERB,NOUN,0,1,1,modifies_head,1.55,1.2903225806451613,Telugu,SUD_Telugu-MTG,SOV,Dravidian,South Asia,real,0,te_mtg-sud-dev.conllu,0,లేదు,ఇవ్వేళ,ఇక్కడ
telugu,79,3,4,2,3,subj,1,left,ADV,VERB,PRON,0,1,1,modifies_head,1.55,0.6451612903225806,Telugu,SUD_Telugu-MTG,SOV,Dravidian,South Asia,real,0,te_mtg-sud-dev.conllu,0,లేదు,ఆమె,ఇక్కడ
telugu,81,2,4,1,2,udep@tmod,2,left,PRON,VERB,ADV,0,1,1,modifies_head,1.45,1.3793103448275863,Telugu,SUD_Telugu-MTG,SOV,Dravidian,South Asia,real,0,te_mtg-sud-dev.conllu,0,లేము,నిన్న,మేము
telugu,81,3,4,1,3,udep@tmod,2,left,NOUN,VERB,ADV,0,1,1,modifies_head,1.6,1.25,Telugu,SUD_Telugu-MTG,SOV,Dravidian,South Asia,real,0,te_mtg-sud-dev.conllu,0,లేము,నిన్న,ఊళ్ళో
telugu,81,3,4,2,3,subj,1,left,NOUN,VERB,PRON,0,1,1,modifies_head,1.6,0.625,Telugu,SUD_Telugu-MTG,SOV,Dravidian,South Asia,real,0,te_mtg-sud-dev.conllu,0,లేము,మేము,ఊళ్ళో
telugu,86,2,3,1,2,udep,1,left,NOUN,VERB,NOUN,0,1,1,modifies_head,1.6,0.625,Telugu,SUD_Telugu-MTG,SOV,Dravidian,South Asia,real,0,te_mtg-sud-dev.conllu,0,లేవు,దుకాణాల్లో,బియ్యం
telugu,91,2,3,1,2,subj,1,left,PRON,VERB,PRON,0,1,1,modifies_head,1.45,0.6896551724137931,Telugu,SUD_Telugu-MTG,SOV,Dravidian,South Asia,real,0,te_mtg-sud-dev.conllu,0,వెళ్ళమన్నాడు,అతను,నన్ను
telugu,113,3,6,2,3,subj,3,left,ADJ,VERB,NOUN,0,1,2,neither,1.95,1.5384615384615385,Telugu,SUD_Telugu-MTG,SOV,Dravidian,South Asia,real,0,te_mtg-sud-dev.conllu,0,తింటాడు,అబ్బాయి,ఎడమ
telugu,113,4,6,2,4,subj,3,left,NOUN,VERB,NOUN,1,2,1,modifies_head,3.2,0.9375,Telugu,SUD_Telugu-MTG,SOV,Dravidian,South Asia,real,0,te_mtg-sud-dev.conllu,0,తింటాడు,అబ్బాయి,చేతితో
telugu,113,5,6,2,5,subj,3,left,NOUN,VERB,NOUN,0,1,1,modifies_head,1.6,1.875,Telugu,SUD_Telugu-MTG,SOV,Dravidian,South Asia,real,0,te_mtg-sud-dev.conllu,0,తింటాడు,అబ్బాయి,అన్నం
telugu,113,5,6,4,5,udep,1,left,NOUN,VERB,NOUN,0,1,1,modifies_head,1.6,0.625,Telugu,SUD_Telugu-MTG,SOV,Dravidian,South Asia,real,0,te_mtg-sud-dev.conllu,0,తింటాడు,చేతితో,అన్నం
telugu,115,2,4,1,2,subj,2,left,ADV,VERB,PROPN,0,1,1,modifies_head,1.55,1.2903225806451613,Telugu,SUD_Telugu-MTG,SOV,Dravidian,South Asia,real,0,te_mtg-sud-dev.conllu,0,వెళ్ళలేకపోతున్నది,కమల,ఒంటరిగా
telugu,115,3,4,1,3,subj,2,left,NOUN,VERB,PROPN,0,1,1,modifies_head,1.6,1.25,Telugu,SUD_Telugu-MTG,SOV,Dravidian,South Asia,real,0,te_mtg-sud-dev.conllu,0,వెళ్ళలేకపోతున్నది,కమల,ఇంటికి
telugu,115,3,4,2,3,mod,1,left,NOUN,VERB,ADV,0,1,1,modifies_head,1.6,0.625,Telugu,SUD_Telugu-MTG,SOV,Dravidian,South Asia,real,0,te_mtg-sud-dev.conllu,0,వెళ్ళలేకపోతున్నది,ఒంటరిగా,ఇంటికి
telugu,117,2,4,1,2,subj,2,left,ADJ,VERB,PRON,0,1,2,neither,1.95,1.0256410256410258,Telugu,SUD_Telugu-MTG,SOV,Dravidian,South Asia,real,0,te_mtg-sud-dev.conllu,0,కారు,వాళ్ళు,పెద్ద
telugu,117,3,4,1,3,subj,2,left,NOUN,VERB,PRON,1,2,1,modifies_head,3.2,0.625,Telugu,SUD_Telugu-MTG,SOV,Dravidian,South Asia,real,0,te_mtg-sud-dev.conllu,0,కారు,వాళ్ళు,మనుషులు
telugu,132,2,3,1,2,udep,1,left,NOUN,VERB,PRON,0,1,2,modifies_head,2.0,0.5,Telugu,SUD_Telugu-MTG,SOV,Dravidian,South Asia,real,0,te_mtg-sud-dev.conllu,0,బాధపడాలి,నాలాగా,జన్మంతా
telugu,144,2,4,1,2,subj,2,left,NOUN,VERB,PROPN,0,1,1,modifies_head,1.6,1.25,Telugu,SUD_Telugu-MTG,SOV,Dravidian,South Asia,real,0,te_mtg-sud-dev.conllu,0,తెచ్చేడు,రామయ్య,ఇంటికి
telugu,144,3,4,1,3,subj,2,left,NOUN,VERB,PROPN,0,1,1,modifies_head,1.6,1.25,Telugu,SUD_Telugu-MTG,SOV,Dravidian,South Asia,real,0,te_mtg-sud-dev.conllu,0,తెచ్చేడు,రామయ్య,మందు
telugu,144,3,4,2,3,udep,1,left,NOUN,VERB,NOUN,0,1,1,modifies_head,1.6,0.625,Telugu,SUD_Telugu-MTG,SOV,Dravidian,South Asia,real,0,te_mtg-sud-dev.conllu,0,తెచ్చేడు,ఇంటికి,మందు
telugu,146,2,3,1,2,subj,1,left,NOUN,VERB,PROPN,0,1,2,modifies_head,2.0,0.5,Telugu,SUD_Telugu-MTG,SOV,Dravidian,South Asia,real,0,te_mtg-sud-dev.conllu,0,తెచ్చింది,రామయ్య,మందు
telugu,152,2,3,1,2,subj@nc,1,left,ADV,VERB,PRON,0,1,1,modifies_head,1.55,0.6451612903225806,Telugu,SUD_Telugu-MTG,SOV,Dravidian,South Asia,real,0,te_mtg-sud-dev.conllu,0,ఉంది,నాకు,చలిగా
telugu,153,2,3,1,2,comp:obj,1,left,NOUN,VERB,PRON,0,1,1,modifies_head,1.6,0.625,Telugu,SUD_Telugu-MTG,SOV,Dravidian,South Asia,real,0,te_mtg-sud-dev.conllu,0,వేస్తున్నది,నాకు,చలి
telugu,186,2,3,1,2,subj,1,left,NOUN,VERB,PRON,0,1,1,modifies_head,1.6,0.625,Telugu,SUD_Telugu-MTG,SOV,Dravidian,South Asia,real,0,te_mtg-sud-dev.conllu,0,కాదు,నువ్వు,గట్టివాడివి
telugu,216,2,3,1,2,subj,1,left,NOUN,VERB,PRON,0,1,2,modifies_head,2.0,0.5,Telugu,SUD_Telugu-MTG,SOV,Dravidian,South Asia,real,0,te_mtg-sud-dev.conllu,0,తినక,వాడు,అన్నం
telugu,216,4,6,3,4,mod,2,left,NUM,VERB,VERB,0,1,2,neither,1.8499999999999999,1.0810810810810811,Telugu,SUD_Telugu-MTG,SOV,Dravidian,South Asia,real,0,te_mtg-sud-dev.conllu,1,అయింది,తినక,మూడు
telugu,216,5,6,3,5,mod,2,left,NOUN,VERB,VERB,1,2,1,modifies_head,3.2,0.625,Telugu,SUD_Telugu-MTG,SOV,Dravidian,South Asia,real,0,te_mtg-sud-dev.conllu,0,అయింది,తినక,రోజులు
telugu,254,3,4,2,3,subj,1,left,PRON,VERB,VERB,0,1,1,modifies_head,1.45,0.6896551724137931,Telugu,SUD_Telugu-MTG,SOV,Dravidian,South Asia,real,0,te_mtg-sud-dev.conllu,0,తెలియదు,వెళ్ళేది,నాకు
telugu,265,4,5,3,4,comp:obj,1,left,NOUN,VERB,NOUN,0,1,1,modifies_head,1.6,0.625,Telugu,SUD_Telugu-MTG,SOV,Dravidian,South Asia,real,0,te_mtg-sud-dev.conllu,0,వేసేను,ఉత్తరం,పోస్ట్లో
telugu,285,3,5,2,3,udep,2,left,NUM,VERB,NOUN,0,1,2,neither,1.8499999999999999,1.0810810810810811,Telugu,SUD_Telugu-MTG,SOV,Dravidian,South Asia,real,0,te_mtg-sud-dev.conllu,1,ఉన్నాడు,ఊళ్ళో,ఒక
telugu,285,4,5,2,4,udep,2,left,NOUN,VERB,NOUN,1,2,1,modifies_head,3.2,0.625,Telugu,SUD_Telugu-MTG,SOV,Dravidian,South Asia,real,0,te_mtg-sud-dev.conllu,0,ఉన్నాడు,ఊళ్ళో,రాజు
telugu,312,2,3,1,2,subj,1,left,ADV,VERB,PRON,0,1,2,modifies_head,1.95,0.5128205128205129,Telugu,SUD_Telugu-MTG,SOV,Dravidian,South Asia,real,0,te_mtg-sud-dev.conllu,0,వచ్చినప్పటికీ,అతను,ఆలస్యంగా
telugu,312,5,6,3,5,mod,1,left,NOUN,VERB,VERB,0,1,1,modifies_head,1.6,0.625,Telugu,SUD_Telugu-MTG,SOV,Dravidian,South Asia,real,0,te_mtg-sud-dev.conllu,0,దొరికింది,వచ్చినప్పటికీ,రైలు
telugu,323,4,6,3,4,subj,2,left,ADJ,VERB,NOUN,0,1,2,neither,1.95,1.0256410256410258,Telugu,SUD_Telugu-MTG,SOV,Dravidian,South Asia,real,0,te_mtg-sud-dev.conllu,0,ఉన్నది,ఇల్లు,మరొక
telugu,323,5,6,3,5,subj,2,left,NOUN,VERB,NOUN,1,2,1,modifies_head,3.2,0.625,Telugu,SUD_Telugu-MTG,SOV,Dravidian,South Asia,real,0,te_mtg-sud-dev.conllu,0,ఉన్నది,ఇల్లు,వీథిలో
telugu,329,2,7,1,2,subj,5,left,PRON,VERB,PROPN,0,1,3,neither,2.2500000000000004,2.222222222222222,Telugu,SUD_Telugu-MTG,SOV,Dravidian,South Asia,real,0,te_mtg-sud-dev.conllu,0,చెప్పేడు,రాము,నేను
telugu,329,3,7,1,3,subj,5,left,NOUN,VERB,PROPN,0,1,3,neither,2.4000000000000004,2.083333333333333,Telugu,SUD_Telugu-MTG,SOV,Dravidian,South Asia,real,0,te_mtg-sud-dev.conllu,0,చెప్పేడు,రాము,రేపు
telugu,329,4,7,1,4,subj,5,left,VERB,VERB,PROPN,2,3,2,neither,5.25,0.9523809523809523,Telugu,SUD_Telugu-MTG,SOV,Dravidian,South Asia,real,0,te_mtg-sud-dev.conllu,0,చెప్పేడు,రాము,వెళ్తాను
telugu,329,5,7,1,5,subj,5,left,SCONJ,VERB,PROPN,1,4,1,modifies_head,4.1499999999999995,1.2048192771084338,Telugu,SUD_Telugu-MTG,SOV,Dravidian,South Asia,real,0,te_mtg-sud-dev.conllu,0,చెప్పేడు,రాము,అని
telugu,329,6,7,1,6,subj,5,left,PROPN,VERB,PROPN,0,1,1,modifies_head,1.55,3.225806451612903,Telugu,SUD_Telugu-MTG,SOV,Dravidian,South Asia,real,0,te_mtg-sud-dev.conllu,0,చెప్పేడు,రాము,కమలతో
telugu,329,3,4,2,3,subj,1,left,NOUN,VERB,PRON,0,1,3,modifies_head,2.4000000000000004,0.41666666666666663,Telugu,SUD_Telugu-MTG,SOV,Dravidian,South Asia,real,0,te_mtg-sud-dev.conllu,0,వెళ్తాను,నేను,రేపు
telugu,329,6,7,5,6,comp:obl,1,left,PROPN,VERB,SCONJ,0,1,1,modifies_head,1.55,0.6451612903225806,Telugu,SUD_Telugu-MTG,SOV,Dravidian,South Asia,real,0,te_mtg-sud-dev.conllu,0,చెప్పేడు,అని,కమలతో
telugu,333,2,7,1,2,subj,5,left,PRON,VERB,PRON,0,1,1,modifies_head,1.45,3.4482758620689657,Telugu,SUD_Telugu-MTG,SOV,Dravidian,South Asia,real,0,te_mtg-sud-dev.conllu,0,చెప్పేవు,నువ్వు,నాతో
telugu,333,3,7,1,3,subj,5,left,PRON,VERB,PRON,0,1,3,neither,2.2500000000000004,2.222222222222222,Telugu,SUD_Telugu-MTG,SOV,Dravidian,South Asia,real,0,te_mtg-sud-dev.conllu,0,చెప్పేవు,నువ్వు,నువ్వు
telugu,333,4,7,1,4,subj,5,left,NOUN,VERB,PRON,0,1,3,neither,2.4000000000000004,2.083333333333333,Telugu,SUD_Telugu-MTG,SOV,Dravidian,South Asia,real,0,te_mtg-sud-dev.conllu,0,చెప్పేవు,నువ్వు,రేపు
telugu,333,5,7,1,5,subj,5,left,VERB,VERB,PRON,2,3,2,neither,5.25,0.9523809523809523,Telugu,SUD_Telugu-MTG,SOV,Dravidian,South Asia,real,0,te_mtg-sud-dev.conllu,0,చెప్పేవు,నువ్వు,వస్తావు
telugu,333,6,7,1,6,subj,5,left,SCONJ,VERB,PRON,1,4,1,modifies_head,4.1499999999999995,1.2048192771084338,Telugu,SUD_Telugu-MTG,SOV,Dravidian,South Asia,real,0,te_mtg-sud-dev.conllu,0,చెప్పేవు,నువ్వు,అని
telugu,333,3,7,2,3,comp:obj,4,left,PRON,VERB,PRON,0,1,3,neither,2.2500000000000004,1.7777777777777775,Telugu,SUD_Telugu-MTG,SOV,Dravidian,South Asia,real,0,te_mtg-sud-dev.conllu,0,చెప్పేవు,నాతో,నువ్వు
telugu,333,4,7,2,4,comp:obj,4,left,NOUN,VERB,PRON,0,1,3,neither,2.4000000000000004,1.6666666666666665,Telugu,SUD_Telugu-MTG,SOV,Dravidian,South Asia,real,0,te_mtg-sud-dev.conllu,0,చెప్పేవు,నాతో,రేపు
telugu,333,5,7,2,5,comp:obj,4,left,VERB,VERB,PRON,2,3,2,neither,5.25,0.7619047619047619,Telugu,SUD_Telugu-MTG,SOV,Dravidian,South Asia,real,0,te_mtg-sud-dev.conllu,0,చెప్పేవు,నాతో,వస్తావు
telugu,333,6,7,2,6,comp:obj,4,left,SCONJ,VERB,PRON,1,4,1,modifies_head,4.1499999999999995,0.9638554216867471,Telugu,SUD_Telugu-MTG,SOV,Dravidian,South Asia,real,0,te_mtg-sud-dev.conllu,0,చెప్పేవు,నాతో,అని
telugu,333,4,5,3,4,subj,1,left,NOUN,VERB,PRON,0,1,3,modifies_head,2.4000000000000004,0.41666666666666663,Telugu,SUD_Telugu-MTG,SOV,Dravidian,South Asia,real,0,te_mtg-sud-dev.conllu,0,వస్తావు,నువ్వు,రేపు
telugu,337,2,6,1,2,subj,4,left,PRON,VERB,PRON,0,1,1,modifies_head,1.45,2.7586206896551726,Telugu,SUD_Telugu-MTG,SOV,Dravidian,South Asia,real,0,te_mtg-sud-dev.conllu,0,అడిగేను,నేను,నువ్వు
telugu,337,3,6,1,3,subj,4,left,NOUN,VERB,PRON,0,1,3,neither,2.4000000000000004,1.6666666666666665,Telugu,SUD_Telugu-MTG,SOV,Dravidian,South Asia,real,0,te_mtg-sud-dev.conllu,0,అడిగేను,నేను,రేపు
telugu,337,4,6,1,4,subj,4,left,VERB,VERB,PRON,1,2,2,neither,3.65,1.095890410958904,Telugu,SUD_Telugu-MTG,SOV,Dravidian,South Asia,real,0,te_mtg-sud-dev.conllu,0,అడిగేను,నేను,వస్తావా
telugu,337,5,6,1,5,subj,4,left,SCONJ,VERB,PRON,1,3,1,modifies_head,3.55,1.1267605633802817,Telugu,SUD_Telugu-MTG,SOV,Dravidian,South Asia,real,0,te_mtg-sud-dev.conllu,0,అడిగేను,నేను,అని
telugu,337,3,6,2,3,comp:obj,3,left,NOUN,VERB,PRON,0,1,3,neither,2.4000000000000004,1.2499999999999998,Telugu,SUD_Telugu-MTG,SOV,Dravidian,South Asia,real,0,te_mtg-sud-dev.conllu,0,అడిగేను,నువ్వు,రేపు
telugu,337,4,6,2,4,comp:obj,3,left,VERB,VERB,PRON,1,2,2,neither,3.65,0.8219178082191781,Telugu,SUD_Telugu-MTG,SOV,Dravidian,South Asia,real,0,te_mtg-sud-dev.conllu,0,అడిగేను,నువ్వు,వస్తావా
telugu,337,5,6,2,5,comp:obj,3,left,SCONJ,VERB,PRON,1,3,1,modifies_head,3.55,0.8450704225352114,Telugu,SUD_Telugu-MTG,SOV,Dravidian,South Asia,real,0,te_mtg-sud-dev.conllu,0,అడిగేను,నువ్వు,అని
telugu,340,2,7,1,2,subj,5,left,PRON,VERB,PRON,0,1,1,modifies_head,1.45,3.4482758620689657,Telugu,SUD_Telugu-MTG,SOV,Dravidian,South Asia,real,0,te_mtg-sud-dev.conllu,0,అన్నావు,నువ్వు,నాతో
telugu,340,3,7,1,3,subj,5,left,PRON,VERB,PRON,0,1,3,neither,2.2500000000000004,2.222222222222222,Telugu,SUD_Telugu-MTG,SOV,Dravidian,South Asia,real,0,te_mtg-sud-dev.conllu,0,అన్నావు,నువ్వు,నువ్వు
telugu,340,4,7,1,4,subj,5,left,NOUN,VERB,PRON,0,1,3,neither,2.4000000000000004,2.083333333333333,Telugu,SUD_Telugu-MTG,SOV,Dravidian,South Asia,real,0,te_mtg-sud-dev.conllu,0,అన్నావు,నువ్వు,రేపు
telugu,340,5,7,1,5,subj,5,left,VERB,VERB,PRON,2,3,2,neither,5.25,0.9523809523809523,Telugu,SUD_Telugu-MTG,SOV,Dravidian,South Asia,real,0,te_mtg-sud-dev.conllu,0,అన్నావు,నువ్వు,రా
telugu,340,6,7,1,6,subj,5,left,SCONJ,VERB,PRON,1,4,1,modifies_head,4.1499999999999995,1.2048192771084338,Telugu,SUD_Telugu-MTG,SOV,Dravidian,South Asia,real,0,te_mtg-sud-dev.conllu,0,అన్నావు,నువ్వు,అని
telugu,340,3,7,2,3,comp:obj,4,left,PRON,VERB,PRON,0,1,3,neither,2.2500000000000004,1.7777777777777775,Telugu,SUD_Telugu-MTG,SOV,Dravidian,South Asia,real,0,te_mtg-sud-dev.conllu,0,అన్నావు,నాతో,నువ్వు
telugu,340,4,7,2,4,comp:obj,4,left,NOUN,VERB,PRON,0,1,3,neither,2.4000000000000004,1.6666666666666665,Telugu,SUD_Telugu-MTG,SOV,Dravidian,South Asia,real,0,te_mtg-sud-dev.conllu,0,అన్నావు,నాతో,రేపు
telugu,340,5,7,2,5,comp:obj,4,left,VERB,VERB,PRON,2,3,2,neither,5.25,0.7619047619047619,Telugu,SUD_Telugu-MTG,SOV,Dravidian,South Asia,real,0,te_mtg-sud-dev.conllu,0,అన్నావు,నాతో,రా
telugu,340,6,7,2,6,comp:obj,4,left,SCONJ,VERB,PRON,1,4,1,modifies_head,4.1499999999999995,0.9638554216867471,Telugu,SUD_Telugu-MTG,SOV,Dravidian,South Asia,real,0,te_mtg-sud-dev.conllu,0,అన్నావు,నాతో,అని
telugu,340,4,5,3,4,subj,1,left,NOUN,VERB,PRON,0,1,3,modifies_head,2.4000000000000004,0.41666666666666663,Telugu,SUD_Telugu-MTG,SOV,Dravidian,South Asia,real,0,te_mtg-sud-dev.conllu,0,రా,నువ్వు,రేపు
telugu,344,2,5,1,2,subj,3,left,PRON,VERB,PRON,0,1,2,neither,1.8499999999999999,1.6216216216216217,Telugu,SUD_Telugu-MTG,SOV,Dravidian,South Asia,real,0,te_mtg-sud-dev.conllu,0,చూడమనలేదా,మీరు,వాణ్ణి
telugu,344,3,5,1,3,subj,3,left,VERB,VERB,PRON,1,2,1,modifies_head,3.25,0.9230769230769231,Telugu,SUD_Telugu-MTG,SOV,Dravidian,South Asia,real,0,te_mtg-sud-dev.conllu,0,చూడమనలేదా,మీరు,వెళ్ళి
telugu,344,4,5,1,4,subj,3,left,NOUN,VERB,PRON,0,1,1,modifies_head,1.6,1.875,Telugu,SUD_Telugu-MTG,SOV,Dravidian,South Asia,real,0,te_mtg-sud-dev.conllu,0,చూడమనలేదా,మీరు,సినిమా
telugu,344,4,5,3,4,comp:obl,1,left,NOUN,VERB,VERB,0,1,1,modifies_head,1.6,0.625,Telugu,SUD_Telugu-MTG,SOV,Dravidian,South Asia,real,0,te_mtg-sud-dev.conllu,0,చూడమనలేదా,వెళ్ళి,సినిమా
telugu,345,2,4,1,2,subj,2,left,PRON,VERB,PRON,0,1,1,modifies_head,1.45,1.3793103448275863,Telugu,SUD_Telugu-MTG,SOV,Dravidian,South Asia,real,0,te_mtg-sud-dev.conllu,0,పిలవమన్నారా,మీరు,నన్ను
telugu,345,3,4,1,3,subj,2,left,PRON,VERB,PRON,0,1,1,modifies_head,1.45,1.3793103448275863,Telugu,SUD_Telugu-MTG,SOV,Dravidian,South Asia,real,0,te_mtg-sud-dev.conllu,0,పిలవమన్నారా,మీరు,అతన్ని
telugu,345,3,4,2,3,udep,1,left,PRON,VERB,PRON,0,1,1,modifies_head,1.45,0.6896551724137931,Telugu,SUD_Telugu-MTG,SOV,Dravidian,South Asia,real,0,te_mtg-sud-dev.conllu,0,పిలవమన్నారా,నన్ను,అతన్ని
telugu,404,2,5,1,2,subj,3,left,PART,VERB,PROPN,0,1,3,modifies_dependent,2.1500000000000004,1.3953488372093021,Telugu,SUD_Telugu-MTG,SOV,Dravidian,South Asia,real,0,te_mtg-sud-dev.conllu,0,అన్న,ఎ.,గారు
telugu,404,3,5,1,3,subj,3,left,DET,VERB,PROPN,0,1,3,neither,2.2,1.3636363636363635,Telugu,SUD_Telugu-MTG,SOV,Dravidian,South Asia,real,0,te_mtg-sud-dev.conllu,0,అన్న,ఎ.,ఈ
telugu,404,4,5,1,4,subj,3,left,NOUN,VERB,PROPN,1,2,2,modifies_head,3.6,0.8333333333333333,Telugu,SUD_Telugu-MTG,SOV,Dravidian,South Asia,real,0,te_mtg-sud-dev.conllu,0,అన్న,ఎ.,మాట
telugu,404,6,10,5,6,comp:obj,3,left,NOUN,VERB,VERB,0,1,2,modifies_dependent,2.0,1.5,Telugu,SUD_Telugu-MTG,SOV,Dravidian,South Asia,real,0,te_mtg-sud-dev.conllu,0,పోయేరు,అన్న,మరునాడే
telugu,404,8,10,5,8,comp:obj,3,left,PRON,VERB,VERB,0,1,1,modifies_head,1.45,2.0689655172413794,Telugu,SUD_Telugu-MTG,SOV,Dravidian,South Asia,real,0,te_mtg-sud-dev.conllu,0,పోయేరు,అన్న,అందరూ
telugu,404,9,10,5,9,comp:obj,3,left,VERB,VERB,VERB,0,1,1,modifies_head,1.65,1.8181818181818183,Telugu,SUD_Telugu-MTG,SOV,Dravidian,South Asia,real,0,te_mtg-sud-dev.conllu,0,పోయేరు,అన్న,మరిచి
telugu,404,9,10,8,9,subj,1,left,VERB,VERB,PRON,0,1,1,modifies_head,1.65,0.6060606060606061,Telugu,SUD_Telugu-MTG,SOV,Dravidian,South Asia,real,0,te_mtg-sud-dev.conllu,0,పోయేరు,అందరూ,మరిచి
telugu,434,2,3,1,2,mod,1,left,PRON,VERB,ADV,0,1,1,modifies_head,1.45,0.6896551724137931,Telugu,SUD_Telugu-MTG,SOV,Dravidian,South Asia,real,0,te_mtg-sud-dev.conllu,0,చెయ్యాలి,ఇక,ఏమి
telugu,436,3,4,2,3,subj,1,left,NOUN,VERB,NOUN,0,1,1,modifies_head,1.6,0.625,Telugu,SUD_Telugu-MTG,SOV,Dravidian,South Asia,real,0,te_mtg-sud-dev.conllu,0,కూర్చున్నాడు,తమ్ముడు,బైట
telugu,453,2,3,1,2,subj,1,left,VERB,VERB,NOUN,0,1,2,modifies_head,2.05,0.48780487804878053,Telugu,SUD_Telugu-MTG,SOV,Dravidian,South Asia,real,0,te_mtg-sud-dev.conllu,0,రావటంతోనే,డాక్టరుగారు,వచ్చీ
telugu,453,5,6,3,5,mod,1,left,PRON,VERB,VERB,0,1,1,modifies_head,1.45,0.6896551724137931,Telugu,SUD_Telugu-MTG,SOV,Dravidian,South Asia,real,0,te_mtg-sud-dev.conllu,0,కలుసుకున్నాను,రావటంతోనే,ఆయన్ని
telugu,461,2,3,1,2,subj,1,left,VERB,ADP,PRON,0,1,2,modifies_head,2.05,0.48780487804878053,Telugu,SUD_Telugu-MTG,SOV,Dravidian,South Asia,real,0,te_mtg-sud-dev.conllu,0,వల్ల,ఆయన,రాలేకపోవటం
telugu,461,5,7,3,5,mod,2,left,PRON,VERB,ADP,0,1,1,modifies_head,1.45,1.3793103448275863,Telugu,SUD_Telugu-MTG,SOV,Dravidian,South Asia,real,0,te_mtg-sud-dev.conllu,0,వెళ్ళేం,వల్ల,మేం
telugu,461,6,7,3,6,mod,2,left,NOUN,VERB,ADP,0,1,1,modifies_head,1.6,1.25,Telugu,SUD_Telugu-MTG,SOV,Dravidian,South Asia,real,0,te_mtg-sud-dev.conllu,0,వెళ్ళేం,వల్ల,ఇంటికి
telugu,461,6,7,5,6,subj,1,left,NOUN,VERB,PRON,0,1,1,modifies_head,1.6,0.625,Telugu,SUD_Telugu-MTG,SOV,Dravidian,South Asia,real,0,te_mtg-sud-dev.conllu,0,వెళ్ళేం,మేం,ఇంటికి
telugu,462,2,3,1,2,discourse,1,left,PRON,VERB,INTJ,0,1,1,modifies_head,1.45,0.6896551724137931,Telugu,SUD_Telugu-MTG,SOV,Dravidian,South Asia,real,0,te_mtg-sud-dev.conllu,0,చనిపోయేరా,అయ్యో,ఆయన
telugu,506,4,5,3,4,mod,1,left,NOUN,VERB,SCONJ,0,1,1,modifies_head,1.6,0.625,Telugu,SUD_Telugu-MTG,SOV,Dravidian,South Asia,real,0,te_mtg-sud-dev.conllu,0,పెళ్ళవటం,కొద్దీ,ఆడపిల్లలకి
telugu,519,2,4,1,2,subj,2,left,NUM,VERB,PRON,0,1,2,neither,1.8499999999999999,1.0810810810810811,Telugu,SUD_Telugu-MTG,SOV,Dravidian,South Asia,real,0,te_mtg-sud-dev.conllu,1,ఉండగలను,నేను,ఐదే
telugu,519,3,4,1,3,subj,2,left,NOUN,VERB,PRON,1,2,1,modifies_head,3.2,0.625,Telugu,SUD_Telugu-MTG,SOV,Dravidian,South Asia,real,0,te_mtg-sud-dev.conllu,0,ఉండగలను,నేను,నిమిషాలు
telugu,526,2,6,1,2,subj,4,left,PRON,VERB,PRON,0,1,1,modifies_head,1.45,2.7586206896551726,Telugu,SUD_Telugu-MTG,SOV,Dravidian,South Asia,real,0,te_mtg-sud-dev.conllu,0,లేదు,ఆమె,నాతో
telugu,526,3,6,1,3,subj,4,left,DET,VERB,PRON,0,1,2,neither,1.7999999999999998,2.2222222222222223,Telugu,SUD_Telugu-MTG,SOV,Dravidian,South Asia,real,0,te_mtg-sud-dev.conllu,0,లేదు,ఆమె,ఆ
telugu,526,4,6,1,4,subj,4,left,NOUN,VERB,PRON,1,2,1,modifies_head,3.2,1.25,Telugu,SUD_Telugu-MTG,SOV,Dravidian,South Asia,real,0,te_mtg-sud-dev.conllu,0,లేదు,ఆమె,సంగతి
telugu,526,5,6,1,5,subj,4,left,VERB,VERB,PRON,0,1,1,modifies_head,1.65,2.4242424242424243,Telugu,SUD_Telugu-MTG,SOV,Dravidian,South Asia,real,0,te_mtg-sud-dev.conllu,0,లేదు,ఆమె,చెప్ప
telugu,526,3,6,2,3,comp:obl,3,left,DET,VERB,PRON,0,1,2,neither,1.7999999999999998,1.6666666666666667,Telugu,SUD_Telugu-MTG,SOV,Dravidian,South Asia,real,0,te_mtg-sud-dev.conllu,0,లేదు,నాతో,ఆ
telugu,526,4,6,2,4,comp:obl,3,left,NOUN,VERB,PRON,1,2,1,modifies_head,3.2,0.9375,Telugu,SUD_Telugu-MTG,SOV,Dravidian,South Asia,real,0,te_mtg-sud-dev.conllu,0,లేదు,నాతో,సంగతి
telugu,526,5,6,2,5,comp:obl,3,left,VERB,VERB,PRON,0,1,1,modifies_head,1.65,1.8181818181818183,Telugu,SUD_Telugu-MTG,SOV,Dravidian,South Asia,real,0,te_mtg-sud-dev.conllu,0,లేదు,నాతో,చెప్ప
telugu,526,5,6,4,5,comp:obj,1,left,VERB,VERB,NOUN,0,1,1,modifies_head,1.65,0.6060606060606061,Telugu,SUD_Telugu-MTG,SOV,Dravidian,South Asia,real,0,te_mtg-sud-dev.conllu,0,లేదు,సంగతి,చెప్ప
telugu,554,4,2,5,4,parataxis,1,right,PROPN,PROPN,NOUN,0,1,2,modifies_dependent,1.95,0.5128205128205129,Telugu,SUD_Telugu-MTG,SOV,Dravidian,South Asia,real,0,te_mtg-sud-dev.conllu,0,చంద్రాన్ని,తమ్ముణ్ణి,కృష్ణారావు
telugu,611,2,3,1,2,subj,1,left,PRON,VERB,PRON,0,1,1,modifies_head,1.45,0.6896551724137931,Telugu,SUD_Telugu-MTG,SOV,Dravidian,South Asia,real,0,te_mtg-sud-dev.conllu,0,చూసేవు,నువ్వు,దేనిని
telugu,615,3,6,2,3,subj,3,left,DET,VERB,VERB,0,1,3,neither,2.2,1.3636363636363635,Telugu,SUD_Telugu-MTG,SOV,Dravidian,South Asia,real,0,te_mtg-sud-dev.conllu,0,పట్టింది,దొరకటానికి,ఏ
telugu,615,4,6,2,4,subj,3,left,NUM,VERB,VERB,1,2,2,neither,3.45,0.8695652173913043,Telugu,SUD_Telugu-MTG,SOV,Dravidian,South Asia,real,0,te_mtg-sud-dev.conllu,1,పట్టింది,దొరకటానికి,పది
telugu,615,5,6,2,5,subj,3,left,NOUN,VERB,VERB,1,3,1,modifies_head,3.8,0.7894736842105263,Telugu,SUD_Telugu-MTG,SOV,Dravidian,South Asia,real,0,te_mtg-sud-dev.conllu,0,పట్టింది,దొరకటానికి,నిమిషాలో
telugu,676,3,4,2,3,udep,1,left,NOUN,VERB,NOUN,0,1,1,modifies_head,1.6,0.625,Telugu,SUD_Telugu-MTG,SOV,Dravidian,South Asia,real,0,te_mtg-sud-dev.conllu,0,ఉన్నది,కలంలో,సిరా
telugu,676,6,4,8,6,parataxis,2,right,PRON,VERB,VERB,0,1,3,neither,2.2500000000000004,0.8888888888888887,Telugu,SUD_Telugu-MTG,SOV,Dravidian,South Asia,real,0,te_mtg-sud-dev.conllu,0,ఉన్నది,లేదు,నా
telugu,676,7,4,8,7,parataxis,2,right,PRON,VERB,VERB,1,2,2,modifies_dependent,3.45,0.5797101449275363,Telugu,SUD_Telugu-MTG,SOV,Dravidian,South Asia,real,0,te_mtg-sud-dev.conllu,0,ఉన్నది,లేదు,దాంట్లో
telugu,680,2,3,1,2,subj,1,left,ADV,VERB,PROPN,0,1,1,modifies_head,1.55,0.6451612903225806,Telugu,SUD_Telugu-MTG,SOV,Dravidian,South Asia,real,0,te_mtg-sud-dev.conllu,0,ఉంది,కమల,ఒంటరిగా
telugu,711,2,3,1,2,subj,1,left,NOUN,VERB,PRON,0,1,2,modifies_head,2.0,0.5,Telugu,SUD_Telugu-MTG,SOV,Dravidian,South Asia,real,0,te_mtg-sud-dev.conllu,0,చేస్తాడో,ఎవడు,తప్పు
telugu,711,4,6,3,4,comp:obj,2,left,PRON,VERB,VERB,0,1,1,modifies_head,1.45,1.3793103448275863,Telugu,SUD_Telugu-MTG,SOV,Dravidian,South Asia,real,0,te_mtg-sud-dev.conllu,0,పోతాడు,చేస్తాడో,వాడు
telugu,711,5,6,3,5,comp:obj,2,left,NOUN,VERB,VERB,0,1,1,modifies_head,1.6,1.25,Telugu,SUD_Telugu-MTG,SOV,Dravidian,South Asia,real,0,te_mtg-sud-dev.conllu,0,పోతాడు,చేస్తాడో,జైలుకు
telugu,711,5,6,4,5,subj,1,left,NOUN,VERB,PRON,0,1,1,modifies_head,1.6,0.625,Telugu,SUD_Telugu-MTG,SOV,Dravidian,South Asia,real,0,te_mtg-sud-dev.conllu,0,పోతాడు,వాడు,జైలుకు
telugu,724,2,3,1,2,subj@nc,1,left,PROPN,VERB,PRON,0,1,1,modifies_head,1.55,0.6451612903225806,Telugu,SUD_Telugu-MTG,SOV,Dravidian,South Asia,real,0,te_mtg-sud-dev.conllu,0,తెలుసు,నాకు,తెలుగు
telugu,735,4,5,2,4,mod,1,left,PRON,VERB,VERB,0,1,1,modifies_head,1.45,0.6896551724137931,Telugu,SUD_Telugu-MTG,SOV,Dravidian,South Asia,real,0,te_mtg-sud-dev.conllu,0,చెప్పండి,రావటంతోటే,నాతో
telugu,744,2,3,1,2,subj,1,left,ADV,VERB,PRON,0,1,1,modifies_head,1.55,0.6451612903225806,Telugu,SUD_Telugu-MTG,SOV,Dravidian,South Asia,real,0,te_mtg-sud-dev.conllu,0,ఉంది,ఆమె,కులాసాగా
telugu,757,3,4,2,3,udep,1,left,NOUN,VERB,ADP,0,1,1,modifies_head,1.6,0.625,Telugu,SUD_Telugu-MTG,SOV,Dravidian,South Asia,real,0,te_mtg-sud-dev.conllu,0,లేదు,దగ్గిర,డబ్బు
telugu,762,2,4,1,2,subj,2,left,PRON,VERB,PRON,0,1,2,neither,1.8499999999999999,1.0810810810810811,Telugu,SUD_Telugu-MTG,SOV,Dravidian,South Asia,real,0,te_mtg-sud-dev.conllu,0,ఉన్నాడు,వీడు,మా
telugu,762,3,4,1,3,subj,2,left,NOUN,VERB,PRON,1,2,1,modifies_head,3.2,0.625,Telugu,SUD_Telugu-MTG,SOV,Dravidian,South Asia,real,0,te_mtg-sud-dev.conllu,0,ఉన్నాడు,వీడు,తమ్ముడిలాగా
telugu,763,4,5,3,4,udep,1,left,NOUN,VERB,ADP,0,1,1,modifies_head,1.6,0.625,Telugu,SUD_Telugu-MTG,SOV,Dravidian,South Asia,real,0,te_mtg-sud-dev.conllu,0,చేసేవా,ప్రకారం,పని
telugu,817,2,3,1,2,subj,1,left,NOUN,VERB,PRON,0,1,1,modifies_head,1.6,0.625,Telugu,SUD_Telugu-MTG,SOV,Dravidian,South Asia,real,0,te_mtg-sud-dev.conllu,0,తీసుకున్నారు,వాళ్ళు,చెరిసగం
telugu,821,3,4,2,3,subj,1,left,PRON,VERB,NOUN,0,1,1,modifies_head,1.45,0.6896551724137931,Telugu,SUD_Telugu-MTG,SOV,Dravidian,South Asia,real,0,te_mtg-sud-dev.conllu,0,చేయాలో,డబ్బంతా,ఏం
telugu,838,2,4,1,2,subj@nc,2,left,ADJ,VERB,NOUN,0,1,2,neither,1.95,1.0256410256410258,Telugu,SUD_Telugu-MTG,SOV,Dravidian,South Asia,real,0,te_mtg-sud-dev.conllu,0,ఉంది,వాడికి,ఎక్కువ
telugu,838,3,4,1,3,subj@nc,2,left,NOUN,VERB,NOUN,1,2,1,modifies_head,3.2,0.625,Telugu,SUD_Telugu-MTG,SOV,Dravidian,South Asia,real,0,te_mtg-sud-dev.conllu,0,ఉంది,వాడికి,డబ్బు
telugu,844,2,3,1,2,subj,1,left,NOUN,VERB,NOUN,0,1,1,modifies_head,1.6,0.625,Telugu,SUD_Telugu-MTG,SOV,Dravidian,South Asia,real,0,te_mtg-sud-dev.conllu,0,అయింది,అన్నం,ఎక్కువ
telugu,865,2,3,1,2,subj,1,left,NOUN,VERB,PRON,0,1,1,modifies_head,1.6,0.625,Telugu,SUD_Telugu-MTG,SOV,Dravidian,South Asia,real,0,te_mtg-sud-dev.conllu,0,వెళ్ళు,నువ్వు,ఇంటికి
telugu,878,2,3,1,2,subj,1,left,PRON,NOUN,PRON,0,1,1,modifies_head,1.45,0.6896551724137931,Telugu,SUD_Telugu-MTG,SOV,Dravidian,South Asia,real,0,te_mtg-sud-dev.conllu,0,కలం,ఇది,ఆయన
telugu,900,3,5,2,3,comp:obl,2,left,NUM,VERB,SCONJ,0,1,2,neither,1.8499999999999999,1.0810810810810811,Telugu,SUD_Telugu-MTG,SOV,Dravidian,South Asia,real,0,te_mtg-sud-dev.conllu,1,ఉన్నది,అనే,ఒక
telugu,900,4,5,2,4,comp:obl,2,left,NOUN,VERB,SCONJ,1,2,1,modifies_head,3.2,0.625,Telugu,SUD_Telugu-MTG,SOV,Dravidian,South Asia,real,0,te_mtg-sud-dev.conllu,0,ఉన్నది,అనే,ఊరు
telugu,907,2,6,1,2,mod,4,left,PRON,VERB,ADV,0,1,3,neither,2.2500000000000004,1.7777777777777775,Telugu,SUD_Telugu-MTG,SOV,Dravidian,South Asia,real,0,te_mtg-sud-dev.conllu,0,లేదు,సొంతంగా,తనది
telugu,907,3,6,1,3,mod,4,left,SCONJ,VERB,ADV,1,2,2,neither,3.35,1.1940298507462686,Telugu,SUD_Telugu-MTG,SOV,Dravidian,South Asia,real,0,te_mtg-sud-dev.conllu,0,లేదు,సొంతంగా,అనే
telugu,907,4,6,1,4,mod,4,left,NOUN,VERB,ADV,1,3,1,modifies_head,3.8,1.0526315789473684,Telugu,SUD_Telugu-MTG,SOV,Dravidian,South Asia,real,0,te_mtg-sud-dev.conllu,0,లేదు,సొంతంగా,ఆస్తి
telugu,907,5,6,1,5,mod,4,left,PRON,VERB,ADV,0,1,1,modifies_head,1.45,2.7586206896551726,Telugu,SUD_Telugu-MTG,SOV,Dravidian,South Asia,real,0,te_mtg-sud-dev.conllu,0,లేదు,సొంతంగా,ఏమీ
telugu,907,5,6,4,5,subj,1,left,PRON,VERB,NOUN,0,1,1,modifies_head,1.45,0.6896551724137931,Telugu,SUD_Telugu-MTG,SOV,Dravidian,South Asia,real,0,te_mtg-sud-dev.conllu,0,లేదు,ఆస్తి,ఏమీ
telugu,909,2,3,1,2,mod,1,left,ADV,VERB,VERB,0,1,1,modifies_head,1.55,0.6451612903225806,Telugu,SUD_Telugu-MTG,SOV,Dravidian,South Asia,real,0,te_mtg-sud-dev.conllu,0,రాస్తా,కావలిస్తే,మళ్ళీ
telugu,911,2,5,1,2,subj,3,left,ADV,VERB,PRON,0,1,1,modifies_head,1.55,1.9354838709677418,Telugu,SUD_Telugu-MTG,SOV,Dravidian,South Asia,real,0,te_mtg-sud-dev.conllu,0,వచ్చేరు,మీరు,ఎలా
telugu,911,3,5,1,3,subj,3,left,PRON,VERB,PRON,0,1,2,neither,1.8499999999999999,1.6216216216216217,Telugu,SUD_Telugu-MTG,SOV,Dravidian,South Asia,real,0,te_mtg-sud-dev.conllu,0,వచ్చేరు,మీరు,మా
telugu,911,4,5,1,4,subj,3,left,NOUN,VERB,PRON,1,2,1,modifies_head,3.2,0.9375,Telugu,SUD_Telugu-MTG,SOV,Dravidian,South Asia,real,0,te_mtg-sud-dev.conllu,0,వచ్చేరు,మీరు,ఊరికి
telugu,911,3,5,2,3,mod,2,left,PRON,VERB,ADV,0,1,2,neither,1.8499999999999999,1.0810810810810811,Telugu,SUD_Telugu-MTG,SOV,Dravidian,South Asia,real,0,te_mtg-sud-dev.conllu,0,వచ్చేరు,ఎలా,మా
telugu,911,4,5,2,4,mod,2,left,NOUN,VERB,ADV,1,2,1,modifies_head,3.2,0.625,Telugu,SUD_Telugu-MTG,SOV,Dravidian,South Asia,real,0,te_mtg-sud-dev.conllu,0,వచ్చేరు,ఎలా,ఊరికి
telugu,917,2,4,1,2,comp:obl,2,left,PRON,VERB,PRON,0,1,2,neither,1.8499999999999999,1.0810810810810811,Telugu,SUD_Telugu-MTG,SOV,Dravidian,South Asia,real,0,te_mtg-sud-dev.conllu,0,ఇచ్చేను,అతనికి,నా
telugu,917,3,4,1,3,comp:obl,2,left,NOUN,VERB,PRON,1,2,1,modifies_head,3.2,0.625,Telugu,SUD_Telugu-MTG,SOV,Dravidian,South Asia,real,0,te_mtg-sud-dev.conllu,0,ఇచ్చేను,అతనికి,పుస్తకం
telugu,926,3,4,2,3,mod,1,left,PRON,VERB,VERB,0,1,1,modifies_head,1.45,0.6896551724137931,Telugu,SUD_Telugu-MTG,SOV,Dravidian,South Asia,real,0,te_mtg-sud-dev.conllu,0,చెప్పండి,రాగానే,నాతో
telugu,929,4,6,3,4,mod@cond,2,left,NOUN,VERB,SCONJ,0,1,1,modifies_head,1.6,1.25,Telugu,SUD_Telugu-MTG,SOV,Dravidian,South Asia,real,0,te_mtg-sud-dev.conllu,0,లేదు,బట్టి,వానలో
telugu,929,5,6,3,5,mod@cond,2,left,VERB,VERB,SCONJ,0,1,1,modifies_head,1.65,1.2121212121212122,Telugu,SUD_Telugu-MTG,SOV,Dravidian,South Asia,real,0,te_mtg-sud-dev.conllu,0,లేదు,బట్టి,తడవ
telugu,929,5,6,4,5,udep,1,left,VERB,VERB,NOUN,0,1,1,modifies_head,1.65,0.6060606060606061,Telugu,SUD_Telugu-MTG,SOV,Dravidian,South Asia,real,0,te_mtg-sud-dev.conllu,0,లేదు,వానలో,తడవ
telugu,930,3,4,2,3,udep,1,left,NOUN,VERB,NOUN,0,1,1,modifies_head,1.6,0.625,Telugu,SUD_Telugu-MTG,SOV,Dravidian,South Asia,real,0,te_mtg-sud-dev.conllu,0,కురవ,ఇంట,వాన
telugu,933,2,4,1,2,subj,2,left,NOUN,VERB,PROPN,0,1,1,modifies_head,1.6,1.25,Telugu,SUD_Telugu-MTG,SOV,Dravidian,South Asia,real,0,te_mtg-sud-dev.conllu,0,రాసింది,కమల,కలంతో
telugu,933,3,4,1,3,subj,2,left,NOUN,VERB,PROPN,0,1,1,modifies_head,1.6,1.25,Telugu,SUD_Telugu-MTG,SOV,Dravidian,South Asia,real,0,te_mtg-sud-dev.conllu,0,రాసింది,కమల,పరీక్ష
telugu,933,3,4,2,3,udep,1,left,NOUN,VERB,NOUN,0,1,1,modifies_head,1.6,0.625,Telugu,SUD_Telugu-MTG,SOV,Dravidian,South Asia,real,0,te_mtg-sud-dev.conllu,0,రాసింది,కలంతో,పరీక్ష
telugu,935,2,4,1,2,subj,2,left,PROPN,VERB,PROPN,0,1,1,modifies_head,1.55,1.2903225806451613,Telugu,SUD_Telugu-MTG,SOV,Dravidian,South Asia,real,0,te_mtg-sud-dev.conllu,0,వెళ్ళేడు,రాముడు,సీతతో
telugu,935,3,4,1,3,subj,2,left,NOUN,VERB,PROPN,0,1,1,modifies_head,1.6,1.25,Telugu,SUD_Telugu-MTG,SOV,Dravidian,South Asia,real,0,te_mtg-sud-dev.conllu,0,వెళ్ళేడు,రాముడు,అడవికి
telugu,935,3,4,2,3,udep,1,left,NOUN,VERB,PROPN,0,1,1,modifies_head,1.6,0.625,Telugu,SUD_Telugu-MTG,SOV,Dravidian,South Asia,real,0,te_mtg-sud-dev.conllu,0,వెళ్ళేడు,సీతతో,అడవికి
telugu,947,2,4,1,2,subj,2,left,PROPN,VERB,PROPN,0,1,1,modifies_head,1.55,1.2903225806451613,Telugu,SUD_Telugu-MTG,SOV,Dravidian,South Asia,real,0,te_mtg-sud-dev.conllu,0,ఇచ్చింది,కమల,రాముకు
telugu,947,3,4,1,3,subj,2,left,NOUN,VERB,PROPN,0,1,1,modifies_head,1.6,1.25,Telugu,SUD_Telugu-MTG,SOV,Dravidian,South Asia,real,0,te_mtg-sud-dev.conllu,0,ఇచ్చింది,కమల,పుస్తకం
telugu,947,3,4,2,3,udep,1,left,NOUN,VERB,PROPN,0,1,1,modifies_head,1.6,0.625,Telugu,SUD_Telugu-MTG,SOV,Dravidian,South Asia,real,0,te_mtg-sud-dev.conllu,0,ఇచ్చింది,రాముకు,పుస్తకం
telugu,952,2,3,1,2,subj@nc,1,left,PROPN,VERB,PROPN,0,1,1,modifies_head,1.55,0.6451612903225806,Telugu,SUD_Telugu-MTG,SOV,Dravidian,South Asia,real,0,te_mtg-sud-dev.conllu,0,తెలుసు,కమలకు,రాము
telugu,971,3,4,2,3,mod,1,left,PROPN,PRON,NOUN,0,1,1,modifies_head,1.55,0.6451612903225806,Telugu,SUD_Telugu-MTG,SOV,Dravidian,South Asia,real,0,te_mtg-sud-dev.conllu,0,పెద్దది,నగరాల్లోకి,టోక్యో
telugu,984,2,6,1,2,comp:obj,4,left,DET,VERB,PRON,0,1,2,neither,1.7999999999999998,2.2222222222222223,Telugu,SUD_Telugu-MTG,SOV,Dravidian,South Asia,real,0,te_mtg-sud-dev.conllu,0,తెలిసింది,నాకు,ఆ
telugu,984,3,6,1,3,comp:obj,4,left,NOUN,VERB,PRON,1,2,1,modifies_head,3.2,1.25,Telugu,SUD_Telugu-MTG,SOV,Dravidian,South Asia,real,0,te_mtg-sud-dev.conllu,0,తెలిసింది,నాకు,సంగతి
telugu,984,4,6,1,4,comp:obj,4,left,NOUN,VERB,PRON,0,1,2,neither,2.0,2.0,Telugu,SUD_Telugu-MTG,SOV,Dravidian,South Asia,real,0,te_mtg-sud-dev.conllu,0,తెలిసింది,నాకు,పదేళ్ళ
telugu,984,5,6,1,5,comp:obj,4,left,ADP,VERB,PRON,1,2,1,modifies_head,3.0,1.3333333333333333,Telugu,SUD_Telugu-MTG,SOV,Dravidian,South Asia,real,0,te_mtg-sud-dev.conllu,0,తెలిసింది,నాకు,కిందట
telugu,984,4,6,3,4,subj,2,left,NOUN,VERB,NOUN,0,1,2,neither,2.0,1.0,Telugu,SUD_Telugu-MTG,SOV,Dravidian,South Asia,real,0,te_mtg-sud-dev.conllu,0,తెలిసింది,సంగతి,పదేళ్ళ
telugu,984,5,6,3,5,subj,2,left,ADP,VERB,NOUN,1,2,1,modifies_head,3.0,0.6666666666666666,Telugu,SUD_Telugu-MTG,SOV,Dravidian,South Asia,real,0,te_mtg-sud-dev.conllu,0,తెలిసింది,సంగతి,కిందట
telugu,990,2,4,1,2,subj,2,left,PRON,VERB,PROPN,0,1,2,neither,1.8499999999999999,1.0810810810810811,Telugu,SUD_Telugu-MTG,SOV,Dravidian,South Asia,real,0,te_mtg-sud-dev.conllu,0,వెళ్ళేడు,రామారావు,తన
telugu,990,3,4,1,3,subj,2,left,NOUN,VERB,PROPN,1,2,1,modifies_head,3.2,0.625,Telugu,SUD_Telugu-MTG,SOV,Dravidian,South Asia,real,0,te_mtg-sud-dev.conllu,0,వెళ్ళేడు,రామారావు,ఇంటికి
telugu,1018,2,3,1,2,subj,1,left,NOUN,VERB,NOUN,0,1,2,modifies_head,2.0,0.5,Telugu,SUD_Telugu-MTG,SOV,Dravidian,South Asia,real,0,te_mtg-sud-dev.conllu,0,"ఎరుగు,",నీరు,పల్లం
telugu,1018,4,6,3,4,parataxis,2,left,NOUN,VERB,VERB,0,1,1,modifies_head,1.6,1.25,Telugu,SUD_Telugu-MTG,SOV,Dravidian,South Asia,real,0,te_mtg-sud-dev.conllu,0,ఎరుగు,"ఎరుగు,",నిజం
telugu,1018,5,6,3,5,parataxis,2,left,NOUN,VERB,VERB,0,1,1,modifies_head,1.6,1.25,Telugu,SUD_Telugu-MTG,SOV,Dravidian,South Asia,real,0,te_mtg-sud-dev.conllu,0,ఎరుగు,"ఎరుగు,",దేవుడు
telugu,1018,5,6,4,5,comp:obj,1,left,NOUN,VERB,NOUN,0,1,1,modifies_head,1.6,0.625,Telugu,SUD_Telugu-MTG,SOV,Dravidian,South Asia,real,0,te_mtg-sud-dev.conllu,0,ఎరుగు,నిజం,దేవుడు
telugu,1027,2,4,1,2,subj@nc,2,left,PRON,VERB,PRON,0,1,2,neither,1.8499999999999999,1.0810810810810811,Telugu,SUD_Telugu-MTG,SOV,Dravidian,South Asia,real,0,te_mtg-sud-dev.conllu,0,తెలుసు,నాకు,మీ
telugu,1027,3,4,1,3,subj@nc,2,left,NOUN,VERB,PRON,1,2,1,modifies_head,3.2,0.625,Telugu,SUD_Telugu-MTG,SOV,Dravidian,South Asia,real,0,te_mtg-sud-dev.conllu,0,తెలుసు,నాకు,తాతగారు
telugu,1033,2,3,1,2,subj,1,left,NOUN,VERB,PRON,0,1,1,modifies_head,1.6,0.625,Telugu,SUD_Telugu-MTG,SOV,Dravidian,South Asia,real,0,te_mtg-sud-dev.conllu,0,చేసింది,వాడేటలే,దొంగతనం
telugu,1065,4,6,2,4,mod@cond,2,left,NOUN,VERB,VERB,1,2,1,modifies_head,3.2,0.625,Telugu,SUD_Telugu-MTG,SOV,Dravidian,South Asia,real,0,te_mtg-sud-dev.conllu,0,దొరుకుతాయి,వెళ్తే,మామిడి
telugu,1065,5,6,2,5,mod@cond,2,left,NOUN,VERB,VERB,0,1,2,neither,2.0,1.0,Telugu,SUD_Telugu-MTG,SOV,Dravidian,South Asia,real,0,te_mtg-sud-dev.conllu,0,దొరుకుతాయి,వెళ్తే,పండ్లు
telugu,1065,5,6,4,5,comp:obj,1,left,NOUN,VERB,NOUN,0,1,2,modifies_dependent,2.0,0.5,Telugu,SUD_Telugu-MTG,SOV,Dravidian,South Asia,real,0,te_mtg-sud-dev.conllu,0,దొరుకుతాయి,మామిడి,పండ్లు
telugu,1070,4,5,2,4,mod@cond,1,left,NOUN,VERB,VERB,0,1,1,modifies_head,1.6,0.625,Telugu,SUD_Telugu-MTG,SOV,Dravidian,South Asia,real,0,te_mtg-sud-dev.conllu,0,ఇవ్వండి,వస్తే,తాళంచెవి
telugu,1077,2,4,1,2,subj@nc,2,left,NUM,VERB,PRON,0,1,2,neither,1.8499999999999999,1.0810810810810811,Telugu,SUD_Telugu-MTG,SOV,Dravidian,South Asia,real,0,te_mtg-sud-dev.conllu,1,వచ్చేయి,వాడికి,నూటికి
telugu,1077,3,4,1,3,subj@nc,2,left,NOUN,VERB,PRON,1,2,1,modifies_head,3.2,0.625,Telugu,SUD_Telugu-MTG,SOV,Dravidian,South Asia,real,0,te_mtg-sud-dev.conllu,0,వచ్చేయి,వాడికి,పదిమార్కులు
telugu,1089,2,3,1,2,mod,1,left,NOUN,NOUN,ADV,0,1,1,modifies_head,1.6,0.625,Telugu,SUD_Telugu-MTG,SOV,Dravidian,South Asia,real,0,te_mtg-sud-dev.conllu,0,వెళ్ళను,ఎప్పుడూ,షికారుకు
telugu,1093,2,5,1,2,mod,3,left,PRON,VERB,ADV,0,1,3,neither,2.2500000000000004,1.333333333333333,Telugu,SUD_Telugu-MTG,SOV,Dravidian,South Asia,real,0,te_mtg-sud-dev.conllu,0,చూసి,ఎందులోనూ,నిన్ను
telugu,1093,3,5,1,3,mod,3,left,ADP,VERB,ADV,1,2,2,modifies_head,3.4,0.8823529411764706,Telugu,SUD_Telugu-MTG,SOV,Dravidian,South Asia,real,0,te_mtg-sud-dev.conllu,0,చూసి,ఎందులోనూ,మించిన
telugu,1093,4,5,1,4,mod,3,left,NOUN,VERB,ADV,0,1,2,modifies_head,2.0,1.5,Telugu,SUD_Telugu-MTG,SOV,Dravidian,South Asia,real,0,te_mtg-sud-dev.conllu,0,చూసి,ఎందులోనూ,స్త్రీని
telugu,1093,4,5,3,4,udep@cmp,1,left,NOUN,VERB,ADP,0,1,2,modifies_head,2.0,0.5,Telugu,SUD_Telugu-MTG,SOV,Dravidian,South Asia,real,0,te_mtg-sud-dev.conllu,0,చూసి,మించిన,స్త్రీని
telugu,1093,6,8,5,6,comp:obj,2,left,PRON,VERB,VERB,0,1,1,modifies_head,1.45,1.3793103448275863,Telugu,SUD_Telugu-MTG,SOV,Dravidian,South Asia,real,0,te_mtg-sud-dev.conllu,0,లేవు,చూసి,నువ్వు
telugu,1093,7,8,5,7,comp:obj,2,left,VERB,VERB,VERB,0,1,1,modifies_head,1.65,1.2121212121212122,Telugu,SUD_Telugu-MTG,SOV,Dravidian,South Asia,real,0,te_mtg-sud-dev.conllu,0,లేవు,చూసి,ఓర్చ
telugu,1093,7,8,6,7,subj,1,left,VERB,VERB,PRON,0,1,1,modifies_head,1.65,0.6060606060606061,Telugu,SUD_Telugu-MTG,SOV,Dravidian,South Asia,real,0,te_mtg-sud-dev.conllu,0,లేవు,నువ్వు,ఓర్చ
telugu,1102,3,4,2,3,subj,1,left,ADV,VERB,NOUN,0,1,1,modifies_head,1.55,0.6451612903225806,Telugu,SUD_Telugu-MTG,SOV,Dravidian,South Asia,real,0,te_mtg-sud-dev.conllu,0,ఏడుస్తున్నది,పిల్ల,పెద్దగా
telugu,1103,2,4,1,2,comp:obj,2,left,NOUN,VERB,PRON,0,1,1,modifies_head,1.6,1.25,Telugu,SUD_Telugu-MTG,SOV,Dravidian,South Asia,real,0,te_mtg-sud-dev.conllu,0,వచ్చు,ఆమెకి,తెలుగు
telugu,1103,3,4,1,3,comp:obj,2,left,ADV,VERB,PRON,0,1,1,modifies_head,1.55,1.2903225806451613,Telugu,SUD_Telugu-MTG,SOV,Dravidian,South Asia,real,0,te_mtg-sud-dev.conllu,0,వచ్చు,ఆమెకి,బాగా
telugu,1103,3,4,2,3,subj,1,left,ADV,VERB,NOUN,0,1,1,modifies_head,1.55,0.6451612903225806,Telugu,SUD_Telugu-MTG,SOV,Dravidian,South Asia,real,0,te_mtg-sud-dev.conllu,0,వచ్చు,తెలుగు,బాగా
telugu,1131,2,4,1,2,subj,2,left,NOUN,NOUN,NOUN,0,1,2,neither,2.0,1.0,Telugu,SUD_Telugu-MTG,SOV,Dravidian,South Asia,real,0,te_mtg-sud-dev.conllu,0,తాగం,మేము,నూతి
telugu,1131,3,4,1,3,subj,2,left,NOUN,NOUN,NOUN,1,2,1,modifies_head,3.2,0.625,Telugu,SUD_Telugu-MTG,SOV,Dravidian,South Asia,real,0,te_mtg-sud-dev.conllu,0,తాగం,మేము,నీళ్ళు
telugu,1151,2,3,1,2,subj@nc,1,left,ADJ,NOUN,PRON,0,1,1,modifies_head,1.55,0.6451612903225806,Telugu,SUD_Telugu-MTG,SOV,Dravidian,South Asia,real,0,te_mtg-sud-dev.conllu,0,పిల్లలు,మాకు,ముగ్గురు
telugu,1159,2,4,1,2,subj,2,left,PRON,NOUN,PRON,0,1,2,modifies_dependent,1.8499999999999999,1.0810810810810811,Telugu,SUD_Telugu-MTG,SOV,Dravidian,South Asia,real,0,te_mtg-sud-dev.conllu,0,మనుషులు,ఆయనా,మీరూ
telugu,1159,3,4,1,3,subj,2,left,NOUN,NOUN,PRON,0,1,1,modifies_head,1.6,1.25,Telugu,SUD_Telugu-MTG,SOV,Dravidian,South Asia,real,0,te_mtg-sud-dev.conllu,0,మనుషులు,ఆయనా,పెద్ద
telugu,1175,2,3,1,2,comp:obj,1,left,NOUN,VERB,PRON,0,1,1,modifies_head,1.6,0.625,Telugu,SUD_Telugu-MTG,SOV,Dravidian,South Asia,real,0,te_mtg-sud-dev.conllu,0,వేస్తున్నారుట,వాణ్ణి,బళ్ళో
telugu,1196,2,3,1,2,subj,1,left,NOUN,VERB,PRON,0,1,1,modifies_head,1.6,0.625,Telugu,SUD_Telugu-MTG,SOV,Dravidian,South Asia,real,0,te_mtg-sud-dev.conllu,0,కాదు,ఆయన,గొప్పవాడు
telugu,1223,2,4,1,2,subj,2,left,NOUN,VERB,PROPN,0,1,1,modifies_head,1.6,1.25,Telugu,SUD_Telugu-MTG,SOV,Dravidian,South Asia,real,0,te_mtg-sud-dev.conllu,0,పెట్టడు,రాము,పైసా
telugu,1223,3,4,1,3,subj,2,left,NOUN,VERB,PROPN,0,1,1,modifies_head,1.6,1.25,Telugu,SUD_Telugu-MTG,SOV,Dravidian,South Asia,real,0,te_mtg-sud-dev.conllu,0,పెట్టడు,రాము,ఖర్చు
telugu,1223,3,4,2,3,comp:obj,1,left,NOUN,VERB,NOUN,0,1,1,modifies_head,1.6,0.625,Telugu,SUD_Telugu-MTG,SOV,Dravidian,South Asia,real,0,te_mtg-sud-dev.conllu,0,పెట్టడు,పైసా,ఖర్చు
telugu,1226,2,8,1,2,subj,6,left,PRON,VERB,PRON,0,1,1,modifies_head,1.45,4.137931034482759,Telugu,SUD_Telugu-MTG,SOV,Dravidian,South Asia,real,0,te_mtg-sud-dev.conllu,0,లేదు,నేను,వాణ్ణి
telugu,1226,3,8,1,3,subj,6,left,NOUN,VERB,PRON,1,4,1,modifies_head,4.3999999999999995,1.3636363636363638,Telugu,SUD_Telugu-MTG,SOV,Dravidian,South Asia,real,0,te_mtg-sud-dev.conllu,0,లేదు,నేను,ఇంట్లో
telugu,1226,4,8,1,4,subj,6,left,CCONJ,VERB,PRON,0,1,3,neither,2.1500000000000004,2.7906976744186043,Telugu,SUD_Telugu-MTG,SOV,Dravidian,South Asia,real,0,te_mtg-sud-dev.conllu,0,లేదు,నేను,గానీ
telugu,1226,5,8,1,5,subj,6,left,NOUN,VERB,PRON,2,3,2,neither,5.199999999999999,1.153846153846154,Telugu,SUD_Telugu-MTG,SOV,Dravidian,South Asia,real,0,te_mtg-sud-dev.conllu,0,లేదు,నేను,వీథిలో
telugu,1226,6,8,1,6,subj,6,left,CCONJ,VERB,PRON,0,1,3,neither,2.1500000000000004,2.7906976744186043,Telugu,SUD_Telugu-MTG,SOV,Dravidian,South Asia,real,0,te_mtg-sud-dev.conllu,1,లేదు,నేను,గానీ
telugu,1226,7,8,1,7,subj,6,left,VERB,VERB,PRON,0,1,1,modifies_head,1.65,3.6363636363636367,Telugu,SUD_Telugu-MTG,SOV,Dravidian,South Asia,real,0,te_mtg-sud-dev.conllu,0,లేదు,నేను,చూడ
telugu,1226,3,8,2,3,comp:obj,5,left,NOUN,VERB,PRON,1,4,1,modifies_head,4.3999999999999995,1.1363636363636365,Telugu,SUD_Telugu-MTG,SOV,Dravidian,South Asia,real,0,te_mtg-sud-dev.conllu,0,లేదు,వాణ్ణి,ఇంట్లో
telugu,1226,4,8,2,4,comp:obj,5,left,CCONJ,VERB,PRON,0,1,3,neither,2.1500000000000004,2.325581395348837,Telugu,SUD_Telugu-MTG,SOV,Dravidian,South Asia,real,0,te_mtg-sud-dev.conllu,0,లేదు,వాణ్ణి,గానీ
telugu,1226,5,8,2,5,comp:obj,5,left,NOUN,VERB,PRON,2,3,2,neither,5.199999999999999,0.9615384615384617,Telugu,SUD_Telugu-MTG,SOV,Dravidian,South Asia,real,0,te_mtg-sud-dev.conllu,0,లేదు,వాణ్ణి,వీథిలో
telugu,1226,6,8,2,6,comp:obj,5,left,CCONJ,VERB,PRON,0,1,3,neither,2.1500000000000004,2.325581395348837,Telugu,SUD_Telugu-MTG,SOV,Dravidian,South Asia,real,0,te_mtg-sud-dev.conllu,1,లేదు,వాణ్ణి,గానీ
telugu,1226,7,8,2,7,comp:obj,5,left,VERB,VERB,PRON,0,1,1,modifies_head,1.65,3.0303030303030303,Telugu,SUD_Telugu-MTG,SOV,Dravidian,South Asia,real,0,te_mtg-sud-dev.conllu,0,లేదు,వాణ్ణి,చూడ
telugu,1226,4,8,3,4,udep,4,left,CCONJ,VERB,NOUN,0,1,3,neither,2.1500000000000004,1.8604651162790695,Telugu,SUD_Telugu-MTG,SOV,Dravidian,South Asia,real,0,te_mtg-sud-dev.conllu,0,లేదు,ఇంట్లో,గానీ
telugu,1226,5,8,3,5,udep,4,left,NOUN,VERB,NOUN,2,3,2,modifies_dependent,5.199999999999999,0.7692307692307694,Telugu,SUD_Telugu-MTG,SOV,Dravidian,South Asia,real,0,te_mtg-sud-dev.conllu,0,లేదు,ఇంట్లో,వీథిలో
telugu,1226,6,8,3,6,udep,4,left,CCONJ,VERB,NOUN,0,1,3,neither,2.1500000000000004,1.8604651162790695,Telugu,SUD_Telugu-MTG,SOV,Dravidian,South Asia,real,0,te_mtg-sud-dev.conllu,1,లేదు,ఇంట్లో,గానీ
telugu,1226,7,8,3,7,udep,4,left,VERB,VERB,NOUN,0,1,1,modifies_head,1.65,2.4242424242424243,Telugu,SUD_Telugu-MTG,SOV,Dravidian,South Asia,real,0,te_mtg-sud-dev.conllu,0,లేదు,ఇంట్లో,చూడ
telugu,1226,4,3,5,4,conj:coord,1,right,CCONJ,NOUN,NOUN,0,1,3,modifies_dependent,2.1500000000000004,0.4651162790697674,Telugu,SUD_Telugu-MTG,SOV,Dravidian,South Asia,real,0,te_mtg-sud-dev.conllu,0,ఇంట్లో,వీథిలో,గానీ
telugu,1230,2,3,1,2,subj,1,left,NOUN,VERB,PRON,0,1,2,modifies_head,2.0,0.5,Telugu,SUD_Telugu-MTG,SOV,Dravidian,South Asia,real,0,te_mtg-sud-dev.conllu,0,వెళ్ళినట్టు,మీరు,సినిమాకు
telugu,1236,3,4,2,3,udep,1,left,NOUN,VERB,NOUN,0,1,1,modifies_head,1.6,0.625,Telugu,SUD_Telugu-MTG,SOV,Dravidian,South Asia,real,0,te_mtg-sud-dev.conllu,0,రానట్టుంది,పెళ్ళికి,ఆవిడ
telugu,1246,3,9,2,3,subj,6,left,PRON,VERB,NOUN,0,1,2,neither,1.8499999999999999,3.2432432432432434,Telugu,SUD_Telugu-MTG,SOV,Dravidian,South Asia,real,0,te_mtg-sud-dev.conllu,0,మాట్లాడేరు,ఇంటివాళ్ళు,ఆమెకి
telugu,1246,4,9,2,4,subj,6,left,NUM,VERB,NOUN,0,1,4,neither,2.6500000000000004,2.264150943396226,Telugu,SUD_Telugu-MTG,SOV,Dravidian,South Asia,real,0,te_mtg-sud-dev.conllu,1,మాట్లాడేరు,ఇంటివాళ్ళు,ఒక
telugu,1246,5,9,2,5,subj,6,left,NOUN,VERB,NOUN,1,2,3,neither,4.0,1.5,Telugu,SUD_Telugu-MTG,SOV,Dravidian,South Asia,real,0,te_mtg-sud-dev.conllu,0,మాట్లాడేరు,ఇంటివాళ్ళు,రూపాయి
telugu,1246,6,9,2,6,subj,6,left,NOUN,VERB,NOUN,2,4,2,neither,5.8,1.0344827586206897,Telugu,SUD_Telugu-MTG,SOV,Dravidian,South Asia,real,0,te_mtg-sud-dev.conllu,0,మాట్లాడేరు,ఇంటివాళ్ళు,అద్దె
telugu,1246,7,9,2,7,subj,6,left,DET,VERB,NOUN,0,1,3,neither,2.2,2.727272727272727,Telugu,SUD_Telugu-MTG,SOV,Dravidian,South Asia,real,0,te_mtg-sud-dev.conllu,0,మాట్లాడేరు,ఇంటివాళ్ళు,ఎక్కువ
telugu,1246,8,9,2,8,subj,6,left,VERB,VERB,NOUN,2,6,1,modifies_head,6.65,0.9022556390977443,Telugu,SUD_Telugu-MTG,SOV,Dravidian,South Asia,real,0,te_mtg-sud-dev.conllu,0,మాట్లాడేరు,ఇంటివాళ్ళు,వచ్చేటట్టు
telugu,1246,4,8,3,4,udep,4,left,NUM,VERB,PRON,0,1,4,neither,2.6500000000000004,1.5094339622641508,Telugu,SUD_Telugu-MTG,SOV,Dravidian,South Asia,real,0,te_mtg-sud-dev.conllu,1,వచ్చేటట్టు,ఆమెకి,ఒక
telugu,1246,5,8,3,5,udep,4,left,NOUN,VERB,PRON,1,2,3,neither,4.0,1.0,Telugu,SUD_Telugu-MTG,SOV,Dravidian,South Asia,real,0,te_mtg-sud-dev.conllu,0,వచ్చేటట్టు,ఆమెకి,రూపాయి
telugu,1246,6,8,3,6,udep,4,left,NOUN,VERB,PRON,2,4,2,modifies_head,5.8,0.6896551724137931,Telugu,SUD_Telugu-MTG,SOV,Dravidian,South Asia,real,0,te_mtg-sud-dev.conllu,0,వచ్చేటట్టు,ఆమెకి,అద్దె
telugu,1246,7,8,3,7,udep,4,left,DET,VERB,PRON,0,1,3,neither,2.2,1.8181818181818181,Telugu,SUD_Telugu-MTG,SOV,Dravidian,South Asia,real,0,te_mtg-sud-dev.conllu,0,వచ్చేటట్టు,ఆమెకి,ఎక్కువ
telugu,1246,7,8,6,7,subj,1,left,DET,VERB,NOUN,0,1,3,modifies_dependent,2.2,0.45454545454545453,Telugu,SUD_Telugu-MTG,SOV,Dravidian,South Asia,real,0,te_mtg-sud-dev.conllu,0,వచ్చేటట్టు,అద్దె,ఎక్కువ
telugu,1261,2,4,1,2,subj,2,left,ADJ,VERB,PRON,0,1,2,neither,1.95,1.0256410256410258,Telugu,SUD_Telugu-MTG,SOV,Dravidian,South Asia,real,0,te_mtg-sud-dev.conllu,0,కడుతున్నాం,మేం,కొత్త
telugu,1261,3,4,1,3,subj,2,left,NOUN,VERB,PRON,1,2,1,modifies_head,3.2,0.625,Telugu,SUD_Telugu-MTG,SOV,Dravidian,South Asia,real,0,te_mtg-sud-dev.conllu,0,కడుతున్నాం,మేం,ఇల్లు
telugu,1269,2,5,1,2,comp:obl,3,left,NOUN,NOUN,SCONJ,0,1,4,neither,2.8000000000000003,1.0714285714285714,Telugu,SUD_Telugu-MTG,SOV,Dravidian,South Asia,real,0,te_mtg-sud-dev.conllu,0,మాట,అయితే,రేపు
telugu,1269,3,5,1,3,comp:obl,3,left,VERB,NOUN,SCONJ,1,2,3,neither,4.050000000000001,0.7407407407407406,Telugu,SUD_Telugu-MTG,SOV,Dravidian,South Asia,real,0,te_mtg-sud-dev.conllu,0,మాట,అయితే,వెళ్ళిపోవటం
telugu,1269,4,5,1,4,comp:obl,3,left,VERB,NOUN,SCONJ,1,3,2,modifies_dependent,4.25,0.7058823529411765,Telugu,SUD_Telugu-MTG,SOV,Dravidian,South Asia,real,0,te_mtg-sud-dev.conllu,0,మాట,అయితే,తప్పదన్న
telugu,1269,2,1,4,2,comp:obj,2,right,NOUN,SCONJ,VERB,0,1,4,neither,2.8000000000000003,0.7142857142857142,Telugu,SUD_Telugu-MTG,SOV,Dravidian,South Asia,real,0,te_mtg-sud-dev.conllu,0,అయితే,తప్పదన్న,రేపు
telugu,1269,3,1,4,3,comp:obj,2,right,VERB,SCONJ,VERB,1,2,3,modifies_dependent,4.050000000000001,0.4938271604938271,Telugu,SUD_Telugu-MTG,SOV,Dravidian,South Asia,real,0,te_mtg-sud-dev.conllu,0,అయితే,తప్పదన్న,వెళ్ళిపోవటం
telugu,1288,2,3,1,2,mod,1,left,PRON,VERB,ADV,0,1,2,modifies_head,1.8499999999999999,0.5405405405405406,Telugu,SUD_Telugu-MTG,SOV,Dravidian,South Asia,real,0,te_mtg-sud-dev.conllu,0,కరవదే,ఎప్పుడూ,ఎవరినీ
telugu,1288,5,7,3,5,parataxis,2,left,PRON,VERB,VERB,0,1,1,modifies_head,1.45,1.3793103448275863,Telugu,SUD_Telugu-MTG,SOV,Dravidian,South Asia,real,0,te_mtg-sud-dev.conllu,0,కరిచిందోగాని,కరవదే,మిమ్మల్ని
telugu,1288,6,7,3,6,parataxis,2,left,ADV,VERB,VERB,0,1,1,modifies_head,1.55,1.2903225806451613,Telugu,SUD_Telugu-MTG,SOV,Dravidian,South Asia,real,0,te_mtg-sud-dev.conllu,0,కరిచిందోగాని,కరవదే,ఎలా
telugu,1288,6,7,5,6,comp:obj,1,left,ADV,VERB,PRON,0,1,1,modifies_head,1.55,0.6451612903225806,Telugu,SUD_Telugu-MTG,SOV,Dravidian,South Asia,real,0,te_mtg-sud-dev.conllu,0,కరిచిందోగాని,మిమ్మల్ని,ఎలా
telugu,1325,2,4,1,2,subj,2,left,NOUN,VERB,PRON,0,1,1,modifies_head,1.6,1.25,Telugu,SUD_Telugu-MTG,SOV,Dravidian,South Asia,real,0,te_mtg-sud-dev.conllu,0,లేదు,వాళ్ళు,పాట
telugu,1325,3,4,1,3,subj,2,left,VERB,VERB,PRON,0,1,1,modifies_head,1.65,1.2121212121212122,Telugu,SUD_Telugu-MTG,SOV,Dravidian,South Asia,real,0,te_mtg-sud-dev.conllu,0,లేదు,వాళ్ళు,పాడటం
telugu,1325,3,4,2,3,comp:obj,1,left,VERB,VERB,NOUN,0,1,1,modifies_head,1.65,0.6060606060606061,Telugu,SUD_Telugu-MTG,SOV,Dravidian,South Asia,real,0,te_mtg-sud-dev.conllu,0,లేదు,పాట,పాడటం
telugu,1326,2,4,1,2,subj,2,left,NOUN,VERB,PRON,0,1,1,modifies_head,1.6,1.25,Telugu,SUD_Telugu-MTG,SOV,Dravidian,South Asia,real,0,te_mtg-sud-dev.conllu,0,లేదు,ఆయన,ప్రశ్న
telugu,1326,3,4,1,3,subj,2,left,VERB,VERB,PRON,0,1,1,modifies_head,1.65,1.2121212121212122,Telugu,SUD_Telugu-MTG,SOV,Dravidian,South Asia,real,0,te_mtg-sud-dev.conllu,0,లేదు,ఆయన,అడగటం
telugu,1326,3,4,2,3,comp:obj,1,left,VERB,VERB,NOUN,0,1,1,modifies_head,1.65,0.6060606060606061,Telugu,SUD_Telugu-MTG,SOV,Dravidian,South Asia,real,0,te_mtg-sud-dev.conllu,0,లేదు,ప్రశ్న,అడగటం
telugu,20,2,5,1,2,subj,3,left,PRON,VERB,PRON,0,1,2,modifies_dependent,1.8499999999999999,1.6216216216216217,Telugu,SUD_Telugu-MTG,SOV,Dravidian,South Asia,real,0,te_mtg-sud-test.conllu,0,చెయ్యాలి,మీరో,నేనో
telugu,20,3,5,1,3,subj,3,left,DET,VERB,PRON,0,1,2,neither,1.7999999999999998,1.6666666666666667,Telugu,SUD_Telugu-MTG,SOV,Dravidian,South Asia,real,0,te_mtg-sud-test.conllu,0,చెయ్యాలి,మీరో,ఈ
telugu,20,4,5,1,4,subj,3,left,NOUN,VERB,PRON,1,2,1,modifies_head,3.2,0.9375,Telugu,SUD_Telugu-MTG,SOV,Dravidian,South Asia,real,0,te_mtg-sud-test.conllu,0,చెయ్యాలి,మీరో,పని
telugu,33,2,3,1,2,det,1,left,ADJ,NOUN,DET,0,1,2,modifies_head,1.95,0.5128205128205129,Telugu,SUD_Telugu-MTG,SOV,Dravidian,South Asia,real,0,te_mtg-sud-test.conllu,0,పుస్తకం,అంత,పెద్ద
telugu,47,2,4,1,2,subj,2,left,NOUN,VERB,PRON,0,1,1,modifies_head,1.6,1.25,Telugu,SUD_Telugu-MTG,SOV,Dravidian,South Asia,real,0,te_mtg-sud-test.conllu,0,కొట్టేడు,వాడు,కుక్కను
telugu,47,3,4,1,3,subj,2,left,NOUN,VERB,PRON,0,1,1,modifies_head,1.6,1.25,Telugu,SUD_Telugu-MTG,SOV,Dravidian,South Asia,real,0,te_mtg-sud-test.conllu,0,కొట్టేడు,వాడు,కర్రతో
telugu,47,3,4,2,3,comp:obj,1,left,NOUN,VERB,NOUN,0,1,1,modifies_head,1.6,0.625,Telugu,SUD_Telugu-MTG,SOV,Dravidian,South Asia,real,0,te_mtg-sud-test.conllu,0,కొట్టేడు,కుక్కను,కర్రతో
telugu,49,2,4,1,2,subj,2,left,PRON,NOUN,PRON,0,1,2,neither,1.8499999999999999,1.0810810810810811,Telugu,SUD_Telugu-MTG,SOV,Dravidian,South Asia,real,0,te_mtg-sud-test.conllu,0,పెద్ద,నేను,ఆమె
telugu,49,3,4,1,3,subj,2,left,ADP,NOUN,PRON,1,2,1,modifies_head,3.0,0.6666666666666666,Telugu,SUD_Telugu-MTG,SOV,Dravidian,South Asia,real,0,te_mtg-sud-test.conllu,0,పెద్ద,నేను,కంటె
telugu,57,2,4,1,2,subj,2,left,NOUN,VERB,PRON,0,1,1,modifies_head,1.6,1.25,Telugu,SUD_Telugu-MTG,SOV,Dravidian,South Asia,real,0,te_mtg-sud-test.conllu,0,తినటం,మనం,అన్నం
telugu,57,3,4,1,3,subj,2,left,ADV,VERB,PRON,0,1,1,modifies_head,1.55,1.2903225806451613,Telugu,SUD_Telugu-MTG,SOV,Dravidian,South Asia,real,0,te_mtg-sud-test.conllu,0,తినటం,మనం,ఎందుకు
telugu,57,3,4,2,3,comp:obj,1,left,ADV,VERB,NOUN,0,1,1,modifies_head,1.55,0.6451612903225806,Telugu,SUD_Telugu-MTG,SOV,Dravidian,South Asia,real,0,te_mtg-sud-test.conllu,0,తినటం,అన్నం,ఎందుకు
telugu,88,2,4,1,2,subj,2,left,ADV,VERB,PRON,0,1,1,modifies_head,1.55,1.2903225806451613,Telugu,SUD_Telugu-MTG,SOV,Dravidian,South Asia,real,0,te_mtg-sud-test.conllu,0,వచ్చేరు,ఆయన,నిన్నటేగదా
telugu,88,3,4,1,3,subj,2,left,NOUN,VERB,PRON,0,1,1,modifies_head,1.6,1.25,Telugu,SUD_Telugu-MTG,SOV,Dravidian,South Asia,real,0,te_mtg-sud-test.conllu,0,వచ్చేరు,ఆయన,మద్రాసునుంచి
telugu,88,3,4,2,3,mod,1,left,NOUN,VERB,ADV,0,1,1,modifies_head,1.6,0.625,Telugu,SUD_Telugu-MTG,SOV,Dravidian,South Asia,real,0,te_mtg-sud-test.conllu,0,వచ్చేరు,నిన్నటేగదా,మద్రాసునుంచి
telugu,102,2,4,1,2,subj,2,left,PRON,VERB,PRON,0,1,2,neither,1.8499999999999999,1.0810810810810811,Telugu,SUD_Telugu-MTG,SOV,Dravidian,South Asia,real,0,te_mtg-sud-test.conllu,0,వచ్చేను,నేను,ఆయనకు
telugu,102,3,4,1,3,subj,2,left,VERB,VERB,PRON,1,2,1,modifies_head,3.25,0.6153846153846154,Telugu,SUD_Telugu-MTG,SOV,Dravidian,South Asia,real,0,te_mtg-sud-test.conllu,0,వచ్చేను,నేను,చెప్పకుండా
telugu,131,2,4,1,2,comp:obj,2,left,ADV,VERB,PRON,0,1,2,modifies_head,1.95,1.0256410256410258,Telugu,SUD_Telugu-MTG,SOV,Dravidian,South Asia,real,0,te_mtg-sud-test.conllu,0,పిలుద్దాం,అతన్ని,మళ్ళీ
telugu,131,3,4,1,3,comp:obj,2,left,NOUN,VERB,PRON,0,1,2,modifies_head,2.0,1.0,Telugu,SUD_Telugu-MTG,SOV,Dravidian,South Asia,real,0,te_mtg-sud-test.conllu,0,పిలుద్దాం,అతన్ని,వెనక్కి
telugu,131,3,4,2,3,mod,1,left,NOUN,VERB,ADV,0,1,2,modifies_head,2.0,0.5,Telugu,SUD_Telugu-MTG,SOV,Dravidian,South Asia,real,0,te_mtg-sud-test.conllu,0,పిలుద్దాం,మళ్ళీ,వెనక్కి
telugu,147,2,3,1,2,subj,1,left,NOUN,VERB,PROPN,0,1,2,modifies_head,2.0,0.5,Telugu,SUD_Telugu-MTG,SOV,Dravidian,South Asia,real,0,te_mtg-sud-test.conllu,0,తెచ్చింది,రామయ్య,ఇంటికి
telugu,149,2,3,1,2,comp:obj,1,left,NOUN,VERB,PRON,0,1,1,modifies_head,1.6,0.625,Telugu,SUD_Telugu-MTG,SOV,Dravidian,South Asia,real,0,te_mtg-sud-test.conllu,0,వేస్తున్నది,వాడికి,ఆకలి
telugu,194,2,4,1,2,subj,2,left,NOUN,VERB,PROPN,0,1,1,modifies_head,1.6,1.25,Telugu,SUD_Telugu-MTG,SOV,Dravidian,South Asia,real,0,te_mtg-sud-test.conllu,0,వెళ్ళిందా,కమల,మొగుడితో
telugu,194,3,4,1,3,subj,2,left,NOUN,VERB,PROPN,0,1,1,modifies_head,1.6,1.25,Telugu,SUD_Telugu-MTG,SOV,Dravidian,South Asia,real,0,te_mtg-sud-test.conllu,0,వెళ్ళిందా,కమల,సినిమాకు
telugu,194,3,4,2,3,udep,1,left,NOUN,VERB,NOUN,0,1,1,modifies_head,1.6,0.625,Telugu,SUD_Telugu-MTG,SOV,Dravidian,South Asia,real,0,te_mtg-sud-test.conllu,0,వెళ్ళిందా,మొగుడితో,సినిమాకు
telugu,196,2,4,1,2,subj,2,left,NOUN,VERB,PROPN,0,1,1,modifies_head,1.6,1.25,Telugu,SUD_Telugu-MTG,SOV,Dravidian,South Asia,real,0,te_mtg-sud-test.conllu,0,వెళ్ళింది,కమల,మొగుడితోనా
telugu,196,3,4,1,3,subj,2,left,NOUN,VERB,PROPN,0,1,1,modifies_head,1.6,1.25,Telugu,SUD_Telugu-MTG,SOV,Dravidian,South Asia,real,0,te_mtg-sud-test.conllu,0,వెళ్ళింది,కమల,సినిమాకు
telugu,196,3,4,2,3,udep,1,left,NOUN,VERB,NOUN,0,1,1,modifies_head,1.6,0.625,Telugu,SUD_Telugu-MTG,SOV,Dravidian,South Asia,real,0,te_mtg-sud-test.conllu,0,వెళ్ళింది,మొగుడితోనా,సినిమాకు
telugu,202,2,3,1,2,subj,1,left,DET,NOUN,PRON,0,1,1,modifies_head,1.4,0.7142857142857143,Telugu,SUD_Telugu-MTG,SOV,Dravidian,South Asia,real,0,te_mtg-sud-test.conllu,0,పొడుగు,అతను,చాలా
telugu,221,2,4,1,2,subj,2,left,ADV,VERB,PRON,0,1,1,modifies_head,1.55,1.2903225806451613,Telugu,SUD_Telugu-MTG,SOV,Dravidian,South Asia,real,0,te_mtg-sud-test.conllu,0,ఉండగూడదు,మీరు,అలా
telugu,221,3,4,1,3,subj,2,left,VERB,VERB,PRON,0,1,1,modifies_head,1.65,1.2121212121212122,Telugu,SUD_Telugu-MTG,SOV,Dravidian,South Asia,real,0,te_mtg-sud-test.conllu,0,ఉండగూడదు,మీరు,చెప్పి
telugu,221,3,4,2,3,mod,1,left,VERB,VERB,ADV,0,1,1,modifies_head,1.65,0.6060606060606061,Telugu,SUD_Telugu-MTG,SOV,Dravidian,South Asia,real,0,te_mtg-sud-test.conllu,0,ఉండగూడదు,అలా,చెప్పి
telugu,242,2,5,1,2,udep@tmod,3,left,NOUN,VERB,NOUN,0,1,1,modifies_head,1.6,1.875,Telugu,SUD_Telugu-MTG,SOV,Dravidian,South Asia,real,0,te_mtg-sud-test.conllu,0,వచ్చేరు,నిన్న,ఎంతమంది
telugu,242,3,5,1,3,udep@tmod,3,left,PRON,VERB,NOUN,0,1,2,neither,1.8499999999999999,1.6216216216216217,Telugu,SUD_Telugu-MTG,SOV,Dravidian,South Asia,real,0,te_mtg-sud-test.conllu,0,వచ్చేరు,నిన్న,మీ
telugu,242,4,5,1,4,udep@tmod,3,left,NOUN,VERB,NOUN,1,2,1,modifies_head,3.2,0.9375,Telugu,SUD_Telugu-MTG,SOV,Dravidian,South Asia,real,0,te_mtg-sud-test.conllu,0,వచ్చేరు,నిన్న,ఇంటికి
telugu,242,3,5,2,3,subj,2,left,PRON,VERB,NOUN,0,1,2,neither,1.8499999999999999,1.0810810810810811,Telugu,SUD_Telugu-MTG,SOV,Dravidian,South Asia,real,0,te_mtg-sud-test.conllu,0,వచ్చేరు,ఎంతమంది,మీ
telugu,242,4,5,2,4,subj,2,left,NOUN,VERB,NOUN,1,2,1,modifies_head,3.2,0.625,Telugu,SUD_Telugu-MTG,SOV,Dravidian,South Asia,real,0,te_mtg-sud-test.conllu,0,వచ్చేరు,ఎంతమంది,ఇంటికి
telugu,243,2,4,1,2,udep,2,left,DET,VERB,NOUN,0,1,2,neither,1.7999999999999998,1.1111111111111112,Telugu,SUD_Telugu-MTG,SOV,Dravidian,South Asia,real,0,te_mtg-sud-test.conllu,0,ఉన్నాయి,గ్లేసులో,ఎన్ని
telugu,243,3,4,1,3,udep,2,left,NOUN,VERB,NOUN,1,2,1,modifies_head,3.2,0.625,Telugu,SUD_Telugu-MTG,SOV,Dravidian,South Asia,real,0,te_mtg-sud-test.conllu,0,ఉన్నాయి,గ్లేసులో,నీళ్ళు
telugu,248,2,3,1,2,comp:obl,1,left,DET,VERB,PRON,0,1,1,modifies_head,1.4,0.7142857142857143,Telugu,SUD_Telugu-MTG,SOV,Dravidian,South Asia,real,0,te_mtg-sud-test.conllu,0,ఇస్తాను,మీకు,అన్ని
telugu,262,4,5,3,4,subj,1,left,ADV,VERB,NOUN,0,1,1,modifies_head,1.55,0.6451612903225806,Telugu,SUD_Telugu-MTG,SOV,Dravidian,South Asia,real,0,te_mtg-sud-test.conllu,0,ఉంది,బొమ్మ,ఇక్కడ
telugu,279,2,4,1,2,comp:obj,2,left,NUM,VERB,PRON,0,1,2,neither,1.8499999999999999,1.0810810810810811,Telugu,SUD_Telugu-MTG,SOV,Dravidian,South Asia,real,0,te_mtg-sud-test.conllu,1,ఉన్నది,నాకు,ఒకే
telugu,279,3,4,1,3,comp:obj,2,left,NOUN,VERB,PRON,1,2,1,modifies_head,3.2,0.625,Telugu,SUD_Telugu-MTG,SOV,Dravidian,South Asia,real,0,te_mtg-sud-test.conllu,0,ఉన్నది,నాకు,ఇల్లు
telugu,292,2,5,1,2,subj@nc,3,left,ADJ,VERB,NOUN,0,1,2,neither,1.95,1.5384615384615385,Telugu,SUD_Telugu-MTG,SOV,Dravidian,South Asia,real,0,te_mtg-sud-test.conllu,0,లేదు,రూపాయికి,చేరెడు
telugu,292,3,5,1,3,subj@nc,3,left,NOUN,VERB,NOUN,1,2,1,modifies_head,3.2,0.9375,Telugu,SUD_Telugu-MTG,SOV,Dravidian,South Asia,real,0,te_mtg-sud-test.conllu,0,లేదు,రూపాయికి,బియ్యం
telugu,292,4,5,1,4,subj@nc,3,left,VERB,VERB,NOUN,0,1,1,modifies_head,1.65,1.8181818181818183,Telugu,SUD_Telugu-MTG,SOV,Dravidian,South Asia,real,0,te_mtg-sud-test.conllu,0,లేదు,రూపాయికి,రావటం
telugu,292,4,5,3,4,comp:obj,1,left,VERB,VERB,NOUN,0,1,1,modifies_head,1.65,0.6060606060606061,Telugu,SUD_Telugu-MTG,SOV,Dravidian,South Asia,real,0,te_mtg-sud-test.conllu,0,లేదు,బియ్యం,రావటం
telugu,297,4,5,2,4,mod,1,left,PRON,VERB,VERB,0,1,1,modifies_head,1.45,0.6896551724137931,Telugu,SUD_Telugu-MTG,SOV,Dravidian,South Asia,real,0,te_mtg-sud-test.conllu,0,ఒప్పుకోరు,చెప్పనిదే,వాళ్ళు
telugu,300,3,4,2,3,mod,1,left,ADV,VERB,VERB,0,1,1,modifies_head,1.55,0.6451612903225806,Telugu,SUD_Telugu-MTG,SOV,Dravidian,South Asia,real,0,te_mtg-sud-test.conllu,0,పిలవండి,వచ్చేటప్పుడు,ఇటు
telugu,309,3,4,2,3,mod,1,left,ADV,VERB,VERB,0,1,1,modifies_head,1.55,0.6451612903225806,Telugu,SUD_Telugu-MTG,SOV,Dravidian,South Asia,real,0,te_mtg-sud-test.conllu,0,ఉంటాను,వచ్చేసరికి,తయారుగా
telugu,322,4,7,3,4,subj,3,left,PRON,VERB,NOUN,0,1,2,neither,1.8499999999999999,1.6216216216216217,Telugu,SUD_Telugu-MTG,SOV,Dravidian,South Asia,real,0,te_mtg-sud-test.conllu,0,ఉన్నాయి,బావులు,మా
telugu,322,5,7,3,5,subj,3,left,NOUN,VERB,NOUN,1,2,1,modifies_head,3.2,0.9375,Telugu,SUD_Telugu-MTG,SOV,Dravidian,South Asia,real,0,te_mtg-sud-test.conllu,0,ఉన్నాయి,బావులు,ఊళ్ళో
telugu,322,6,7,3,6,subj,3,left,NUM,VERB,NOUN,0,1,2,modifies_dependent,1.8499999999999999,1.6216216216216217,Telugu,SUD_Telugu-MTG,SOV,Dravidian,South Asia,real,0,te_mtg-sud-test.conllu,1,ఉన్నాయి,బావులు,మూడు
telugu,322,6,7,5,6,udep,1,left,NUM,VERB,NOUN,0,1,2,neither,1.8499999999999999,0.5405405405405406,Telugu,SUD_Telugu-MTG,SOV,Dravidian,South Asia,real,0,te_mtg-sud-test.conllu,1,ఉన్నాయి,ఊళ్ళో,మూడు
telugu,322,4,3,6,4,mod,2,right,PRON,NOUN,NUM,0,1,2,neither,1.8499999999999999,1.0810810810810811,Telugu,SUD_Telugu-MTG,SOV,Dravidian,South Asia,real,0,te_mtg-sud-test.conllu,0,బావులు,మూడు,మా
telugu,322,5,3,6,5,mod,2,right,NOUN,NOUN,NUM,1,2,1,neither,3.2,0.625,Telugu,SUD_Telugu-MTG,SOV,Dravidian,South Asia,real,0,te_mtg-sud-test.conllu,0,బావులు,మూడు,ఊళ్ళో
telugu,324,2,3,1,2,subj,1,left,NOUN,VERB,PRON,0,1,4,modifies_head,2.8000000000000003,0.3571428571428571,Telugu,SUD_Telugu-MTG,SOV,Dravidian,South Asia,real,0,te_mtg-sud-test.conllu,0,ఇచ్చిన,నేను,డబ్బు
telugu,331,2,3,1,2,subj,1,left,NOUN,VERB,PRON,0,1,1,modifies_head,1.6,0.625,Telugu,SUD_Telugu-MTG,SOV,Dravidian,South Asia,real,0,te_mtg-sud-test.conllu,0,వస్తాను,నేను,రేపు
telugu,355,2,4,1,2,udep@tmod,2,left,PROPN,VERB,NOUN,0,1,2,modifies_head,1.95,1.0256410256410258,Telugu,SUD_Telugu-MTG,SOV,Dravidian,South Asia,real,0,te_mtg-sud-test.conllu,0,ఇచ్చింది,నిన్న,కమలకు
telugu,355,3,4,1,3,udep@tmod,2,left,NOUN,VERB,NOUN,0,1,2,modifies_head,2.0,1.0,Telugu,SUD_Telugu-MTG,SOV,Dravidian,South Asia,real,0,te_mtg-sud-test.conllu,0,ఇచ్చింది,నిన్న,పుస్తకం
telugu,355,3,4,2,3,comp:obj,1,left,NOUN,VERB,PROPN,0,1,2,modifies_head,2.0,0.5,Telugu,SUD_Telugu-MTG,SOV,Dravidian,South Asia,real,0,te_mtg-sud-test.conllu,0,ఇచ్చింది,కమలకు,పుస్తకం
telugu,361,5,6,3,5,mod@cond,1,left,PRON,VERB,SCONJ,0,1,1,modifies_head,1.45,0.6896551724137931,Telugu,SUD_Telugu-MTG,SOV,Dravidian,South Asia,real,0,te_mtg-sud-test.conllu,0,రాను,గాని,నేను
telugu,362,4,5,2,4,mod@cond,1,left,PRON,VERB,VERB,0,1,1,modifies_head,1.45,0.6896551724137931,Telugu,SUD_Telugu-MTG,SOV,Dravidian,South Asia,real,0,te_mtg-sud-test.conllu,0,వినం,చదివితేగాని,మేము
telugu,367,2,3,1,2,subj,1,left,ADV,VERB,PRON,0,1,1,modifies_head,1.55,0.6451612903225806,Telugu,SUD_Telugu-MTG,SOV,Dravidian,South Asia,real,0,te_mtg-sud-test.conllu,0,వెళ్ళేడు,వాడు,డబడబా
telugu,376,2,5,1,2,subj@nc,3,left,NOUN,VERB,PRON,1,2,2,neither,3.6,0.8333333333333333,Telugu,SUD_Telugu-MTG,SOV,Dravidian,South Asia,real,0,te_mtg-sud-test.conllu,0,ఉంది,మాకు,పాట
telugu,376,3,5,1,3,subj@nc,3,left,NUM,VERB,PRON,0,1,3,neither,2.2500000000000004,1.333333333333333,Telugu,SUD_Telugu-MTG,SOV,Dravidian,South Asia,real,0,te_mtg-sud-test.conllu,1,ఉంది,మాకు,ఒకటి
telugu,376,4,5,1,4,subj@nc,3,left,VERB,VERB,PRON,1,3,1,modifies_head,3.8499999999999996,0.7792207792207793,Telugu,SUD_Telugu-MTG,SOV,Dravidian,South Asia,real,0,te_mtg-sud-test.conllu,0,ఉంది,మాకు,వినాలని
telugu,376,3,4,2,3,comp:obj,1,left,NUM,VERB,NOUN,0,1,3,modifies_dependent,2.2500000000000004,0.44444444444444436,Telugu,SUD_Telugu-MTG,SOV,Dravidian,South Asia,real,0,te_mtg-sud-test.conllu,1,వినాలని,పాట,ఒకటి
telugu,383,2,4,1,2,subj,2,left,ADV,VERB,PRON,0,1,1,modifies_head,1.55,1.2903225806451613,Telugu,SUD_Telugu-MTG,SOV,Dravidian,South Asia,real,0,te_mtg-sud-test.conllu,0,ఎక్కుతుంది,వాడికి,అప్పుడప్పుడు
telugu,383,3,4,1,3,subj,2,left,NOUN,VERB,PRON,0,1,1,modifies_head,1.6,1.25,Telugu,SUD_Telugu-MTG,SOV,Dravidian,South Asia,real,0,te_mtg-sud-test.conllu,0,ఎక్కుతుంది,వాడికి,పిచ్చి
telugu,383,3,4,2,3,mod,1,left,NOUN,VERB,ADV,0,1,1,modifies_head,1.6,0.625,Telugu,SUD_Telugu-MTG,SOV,Dravidian,South Asia,real,0,te_mtg-sud-test.conllu,0,ఎక్కుతుంది,అప్పుడప్పుడు,పిచ్చి
telugu,384,2,6,1,2,mod,4,left,PRON,VERB,ADV,0,1,1,modifies_head,1.45,2.7586206896551726,Telugu,SUD_Telugu-MTG,SOV,Dravidian,South Asia,real,0,te_mtg-sud-test.conllu,0,తెలియదు,మొదటమొదట,నాకు
telugu,384,3,6,1,3,mod,4,left,PRON,VERB,ADV,0,1,2,neither,1.8499999999999999,2.1621621621621623,Telugu,SUD_Telugu-MTG,SOV,Dravidian,South Asia,real,0,te_mtg-sud-test.conllu,0,తెలియదు,మొదటమొదట,ఆయన
telugu,384,4,6,1,4,mod,4,left,NOUN,VERB,ADV,1,2,1,modifies_head,3.2,1.25,Telugu,SUD_Telugu-MTG,SOV,Dravidian,South Asia,real,0,te_mtg-sud-test.conllu,0,తెలియదు,మొదటమొదట,సంగతి
telugu,384,5,6,1,5,mod,4,left,ADV,VERB,ADV,0,1,1,modifies_head,1.55,2.5806451612903225,Telugu,SUD_Telugu-MTG,SOV,Dravidian,South Asia,real,0,te_mtg-sud-test.conllu,0,తెలియదు,మొదటమొదట,బాగా
telugu,384,3,6,2,3,comp:obj,3,left,PRON,VERB,PRON,0,1,2,neither,1.8499999999999999,1.6216216216216217,Telugu,SUD_Telugu-MTG,SOV,Dravidian,South Asia,real,0,te_mtg-sud-test.conllu,0,తెలియదు,నాకు,ఆయన
telugu,384,4,6,2,4,comp:obj,3,left,NOUN,VERB,PRON,1,2,1,modifies_head,3.2,0.9375,Telugu,SUD_Telugu-MTG,SOV,Dravidian,South Asia,real,0,te_mtg-sud-test.conllu,0,తెలియదు,నాకు,సంగతి
telugu,384,5,6,2,5,comp:obj,3,left,ADV,VERB,PRON,0,1,1,modifies_head,1.55,1.9354838709677418,Telugu,SUD_Telugu-MTG,SOV,Dravidian,South Asia,real,0,te_mtg-sud-test.conllu,0,తెలియదు,నాకు,బాగా
telugu,384,5,6,4,5,subj,1,left,ADV,VERB,NOUN,0,1,1,modifies_head,1.55,0.6451612903225806,Telugu,SUD_Telugu-MTG,SOV,Dravidian,South Asia,real,0,te_mtg-sud-test.conllu,0,తెలియదు,సంగతి,బాగా
telugu,386,3,7,2,3,udep@tmod,4,left,NOUN,VERB,NOUN,0,1,2,neither,2.0,2.0,Telugu,SUD_Telugu-MTG,SOV,Dravidian,South Asia,real,0,te_mtg-sud-test.conllu,0,కొనేవాడు,నెలా,జీతం
telugu,386,4,7,2,4,udep@tmod,4,left,NOUN,VERB,NOUN,1,2,1,modifies_head,3.2,1.25,Telugu,SUD_Telugu-MTG,SOV,Dravidian,South Asia,real,0,te_mtg-sud-test.conllu,0,కొనేవాడు,నెలా,డబ్బులోనుంచి
telugu,386,5,7,2,5,udep@tmod,4,left,NOUN,VERB,NOUN,0,1,1,modifies_head,1.6,2.5,Telugu,SUD_Telugu-MTG,SOV,Dravidian,South Asia,real,0,te_mtg-sud-test.conllu,0,కొనేవాడు,నెలా,భార్యకు
telugu,386,6,7,2,6,udep@tmod,4,left,NOUN,VERB,NOUN,0,1,1,modifies_head,1.6,2.5,Telugu,SUD_Telugu-MTG,SOV,Dravidian,South Asia,real,0,te_mtg-sud-test.conllu,0,కొనేవాడు,నెలా,కాసులు
telugu,386,5,7,4,5,udep,2,left,NOUN,VERB,NOUN,0,1,1,modifies_head,1.6,1.25,Telugu,SUD_Telugu-MTG,SOV,Dravidian,South Asia,real,0,te_mtg-sud-test.conllu,0,కొనేవాడు,డబ్బులోనుంచి,భార్యకు
telugu,386,6,7,4,6,udep,2,left,NOUN,VERB,NOUN,0,1,1,modifies_head,1.6,1.25,Telugu,SUD_Telugu-MTG,SOV,Dravidian,South Asia,real,0,te_mtg-sud-test.conllu,0,కొనేవాడు,డబ్బులోనుంచి,కాసులు
telugu,386,6,7,5,6,comp:obl,1,left,NOUN,VERB,NOUN,0,1,1,modifies_head,1.6,0.625,Telugu,SUD_Telugu-MTG,SOV,Dravidian,South Asia,real,0,te_mtg-sud-test.conllu,0,కొనేవాడు,భార్యకు,కాసులు
telugu,388,2,4,1,2,mod,2,left,NOUN,VERB,ADV,0,1,1,modifies_head,1.6,1.25,Telugu,SUD_Telugu-MTG,SOV,Dravidian,South Asia,real,0,te_mtg-sud-test.conllu,0,పోతాం,ఊరూరా,ప్రదర్శనలు
telugu,388,3,4,1,3,mod,2,left,VERB,VERB,ADV,0,1,1,modifies_head,1.65,1.2121212121212122,Telugu,SUD_Telugu-MTG,SOV,Dravidian,South Asia,real,0,te_mtg-sud-test.conllu,0,పోతాం,ఊరూరా,ఇస్తూ
telugu,388,3,4,2,3,comp:obj,1,left,VERB,VERB,NOUN,0,1,1,modifies_head,1.65,0.6060606060606061,Telugu,SUD_Telugu-MTG,SOV,Dravidian,South Asia,real,0,te_mtg-sud-test.conllu,0,పోతాం,ప్రదర్శనలు,ఇస్తూ
telugu,391,2,3,1,2,subj,1,left,ADV,VERB,PRON,0,1,1,modifies_head,1.55,0.6451612903225806,Telugu,SUD_Telugu-MTG,SOV,Dravidian,South Asia,real,0,te_mtg-sud-test.conllu,0,నడవాలి,మీరు,మెల్లమెల్లగా
telugu,397,2,3,1,2,subj,1,left,NOUN,VERB,PRON,0,1,1,modifies_head,1.6,0.625,Telugu,SUD_Telugu-MTG,SOV,Dravidian,South Asia,real,0,te_mtg-sud-test.conllu,0,అమ్ముకొన్నది,ఆమె,పండ్లు
telugu,411,3,5,2,3,subj,2,left,PRON,VERB,VERB,0,1,2,neither,1.8499999999999999,1.0810810810810811,Telugu,SUD_Telugu-MTG,SOV,Dravidian,South Asia,real,0,te_mtg-sud-test.conllu,0,ఉన్నది,ఇచ్చినది,మీ
telugu,411,4,5,2,4,subj,2,left,NOUN,VERB,VERB,1,2,1,modifies_head,3.2,0.625,Telugu,SUD_Telugu-MTG,SOV,Dravidian,South Asia,real,0,te_mtg-sud-test.conllu,0,ఉన్నది,ఇచ్చినది,చేతిలో
telugu,430,2,3,1,2,subj,1,left,ADV,VERB,PRON,0,1,1,modifies_head,1.55,0.6451612903225806,Telugu,SUD_Telugu-MTG,SOV,Dravidian,South Asia,real,0,te_mtg-sud-test.conllu,0,ఉంది,ఆమె,ఎలా
telugu,451,3,4,2,3,comp:obj,1,left,VERB,VERB,VERB,0,1,2,modifies_head,2.05,0.48780487804878053,Telugu,SUD_Telugu-MTG,SOV,Dravidian,South Asia,real,0,te_mtg-sud-test.conllu,0,చూడనట్లు,వెళ్ళిపోవటం,చూసీ
telugu,452,3,4,2,3,subj,1,left,VERB,VERB,NOUN,0,1,2,modifies_head,2.05,0.48780487804878053,Telugu,SUD_Telugu-MTG,SOV,Dravidian,South Asia,real,0,te_mtg-sud-test.conllu,0,అందటంతోటే,ఉత్తరం,అందీ
telugu,452,6,7,4,6,mod,1,left,NOUN,VERB,VERB,0,1,1,modifies_head,1.6,0.625,Telugu,SUD_Telugu-MTG,SOV,Dravidian,South Asia,real,0,te_mtg-sud-test.conllu,0,పంపేను,అందటంతోటే,జవాబు
telugu,486,2,4,1,2,subj,2,left,DET,VERB,PRON,0,1,2,neither,1.7999999999999998,1.1111111111111112,Telugu,SUD_Telugu-MTG,SOV,Dravidian,South Asia,real,0,te_mtg-sud-test.conllu,0,చెయ్యలేదు,వాడు,ఈ
telugu,486,3,4,1,3,subj,2,left,NOUN,VERB,PRON,1,2,1,modifies_head,3.2,0.625,Telugu,SUD_Telugu-MTG,SOV,Dravidian,South Asia,real,0,te_mtg-sud-test.conllu,0,చెయ్యలేదు,వాడు,పని
telugu,508,2,3,1,2,subj,1,left,PRON,NOUN,PRON,0,1,1,modifies_head,1.45,0.6896551724137931,Telugu,SUD_Telugu-MTG,SOV,Dravidian,South Asia,real,0,te_mtg-sud-test.conllu,0,పుస్తకం,అదే,నా
telugu,523,2,3,1,2,subj,1,left,ADV,VERB,PRON,0,1,1,modifies_head,1.55,0.6451612903225806,Telugu,SUD_Telugu-MTG,SOV,Dravidian,South Asia,real,0,te_mtg-sud-test.conllu,0,వచ్చేడే,ఆయన,అప్పుడే
telugu,540,2,4,1,2,comp:obl,2,left,VERB,VERB,PRON,0,1,2,neither,2.05,0.9756097560975611,Telugu,SUD_Telugu-MTG,SOV,Dravidian,South Asia,real,0,te_mtg-sud-test.conllu,0,ఇవ్వండి,నాకు,మాట్లాడే
telugu,540,3,4,1,3,comp:obl,2,left,NOUN,VERB,PRON,1,2,1,modifies_head,3.2,0.625,Telugu,SUD_Telugu-MTG,SOV,Dravidian,South Asia,real,0,te_mtg-sud-test.conllu,0,ఇవ్వండి,నాకు,అవకాశం
telugu,542,2,6,1,2,comp:obj,4,left,NOUN,VERB,PRON,0,1,1,modifies_head,1.6,2.5,Telugu,SUD_Telugu-MTG,SOV,Dravidian,South Asia,real,0,te_mtg-sud-test.conllu,0,లేదు,నాకు,నీలో
telugu,542,3,6,1,3,comp:obj,4,left,VERB,VERB,PRON,0,1,2,neither,2.05,1.9512195121951221,Telugu,SUD_Telugu-MTG,SOV,Dravidian,South Asia,real,0,te_mtg-sud-test.conllu,0,లేదు,నాకు,బాగుపడే
telugu,542,4,6,1,4,comp:obj,4,left,NOUN,VERB,PRON,1,2,1,modifies_head,3.2,1.25,Telugu,SUD_Telugu-MTG,SOV,Dravidian,South Asia,real,0,te_mtg-sud-test.conllu,0,లేదు,నాకు,లక్షణాలు
telugu,542,5,6,1,5,comp:obj,4,left,VERB,VERB,PRON,0,1,1,modifies_head,1.65,2.4242424242424243,Telugu,SUD_Telugu-MTG,SOV,Dravidian,South Asia,real,0,te_mtg-sud-test.conllu,0,లేదు,నాకు,కనిపించడం
telugu,542,3,6,2,3,udep,3,left,VERB,VERB,NOUN,0,1,2,neither,2.05,1.4634146341463417,Telugu,SUD_Telugu-MTG,SOV,Dravidian,South Asia,real,0,te_mtg-sud-test.conllu,0,లేదు,నీలో,బాగుపడే
telugu,542,4,6,2,4,udep,3,left,NOUN,VERB,NOUN,1,2,1,modifies_head,3.2,0.9375,Telugu,SUD_Telugu-MTG,SOV,Dravidian,South Asia,real,0,te_mtg-sud-test.conllu,0,లేదు,నీలో,లక్షణాలు
telugu,542,5,6,2,5,udep,3,left,VERB,VERB,NOUN,0,1,1,modifies_head,1.65,1.8181818181818183,Telugu,SUD_Telugu-MTG,SOV,Dravidian,South Asia,real,0,te_mtg-sud-test.conllu,0,లేదు,నీలో,కనిపించడం
telugu,542,5,6,4,5,subj,1,left,VERB,VERB,NOUN,0,1,1,modifies_head,1.65,0.6060606060606061,Telugu,SUD_Telugu-MTG,SOV,Dravidian,South Asia,real,0,te_mtg-sud-test.conllu,0,లేదు,లక్షణాలు,కనిపించడం
telugu,575,2,4,1,2,subj,2,left,NOUN,VERB,PRON,0,1,1,modifies_head,1.6,1.25,Telugu,SUD_Telugu-MTG,SOV,Dravidian,South Asia,real,0,te_mtg-sud-test.conllu,0,లేదు,వాడు,ఇంటికి
telugu,575,3,4,1,3,subj,2,left,VERB,VERB,PRON,0,1,1,modifies_head,1.65,1.2121212121212122,Telugu,SUD_Telugu-MTG,SOV,Dravidian,South Asia,real,0,te_mtg-sud-test.conllu,0,లేదు,వాడు,రా
telugu,575,3,4,2,3,udep,1,left,VERB,VERB,NOUN,0,1,1,modifies_head,1.65,0.6060606060606061,Telugu,SUD_Telugu-MTG,SOV,Dravidian,South Asia,real,0,te_mtg-sud-test.conllu,0,లేదు,ఇంటికి,రా
telugu,607,2,3,1,2,subj,1,left,NOUN,VERB,PROPN,0,1,1,modifies_head,1.6,0.625,Telugu,SUD_Telugu-MTG,SOV,Dravidian,South Asia,real,0,te_mtg-sud-test.conllu,0,కోసింది,కమల,పూలు
telugu,656,2,4,1,2,mod@tmod,2,left,NOUN,NOUN,NOUN,0,1,1,modifies_head,1.6,1.25,Telugu,SUD_Telugu-MTG,SOV,Dravidian,South Asia,real,0,te_mtg-sud-test.conllu,0,నెల,ఇప్పుడు,ఆమెకి
telugu,656,3,4,1,3,mod@tmod,2,left,ADJ,NOUN,NOUN,0,1,1,modifies_head,1.55,1.2903225806451613,Telugu,SUD_Telugu-MTG,SOV,Dravidian,South Asia,real,0,te_mtg-sud-test.conllu,0,నెల,ఇప్పుడు,ఎనిమిదో
telugu,656,3,4,2,3,subj@nc,1,left,ADJ,NOUN,NOUN,0,1,1,modifies_head,1.55,0.6451612903225806,Telugu,SUD_Telugu-MTG,SOV,Dravidian,South Asia,real,0,te_mtg-sud-test.conllu,0,నెల,ఆమెకి,ఎనిమిదో
telugu,658,2,3,1,2,subj,1,left,NOUN,VERB,PROPN,0,1,1,modifies_head,1.6,0.625,Telugu,SUD_Telugu-MTG,SOV,Dravidian,South Asia,real,0,te_mtg-sud-test.conllu,0,చేరతాడు,సుబ్బారావు,రేపు
telugu,664,2,4,1,2,subj,2,left,NOUN,VERB,PROPN,0,1,1,modifies_head,1.6,1.25,Telugu,SUD_Telugu-MTG,SOV,Dravidian,South Asia,real,0,te_mtg-sud-test.conllu,0,తింటాడు,రామయ్య,ఇడ్లీలు
telugu,664,3,4,1,3,subj,2,left,NOUN,VERB,PROPN,0,1,1,modifies_head,1.6,1.25,Telugu,SUD_Telugu-MTG,SOV,Dravidian,South Asia,real,0,te_mtg-sud-test.conllu,0,తింటాడు,రామయ్య,సాంబారుతో
telugu,664,3,4,2,3,comp:obj,1,left,NOUN,VERB,NOUN,0,1,1,modifies_head,1.6,0.625,Telugu,SUD_Telugu-MTG,SOV,Dravidian,South Asia,real,0,te_mtg-sud-test.conllu,0,తింటాడు,ఇడ్లీలు,సాంబారుతో
telugu,677,2,3,1,2,subj,1,left,PRON,NOUN,PROPN,0,1,1,modifies_head,1.45,0.6896551724137931,Telugu,SUD_Telugu-MTG,SOV,Dravidian,South Asia,real,0,te_mtg-sud-test.conllu,0,మొదటివాడు,రాము,వాళ్ళలో
telugu,677,6,7,5,6,subj,1,left,NOUN,VERB,PRON,0,1,2,modifies_head,2.0,0.5,Telugu,SUD_Telugu-MTG,SOV,Dravidian,South Asia,real,0,te_mtg-sud-test.conllu,0,పిలిచేను,నేను,మొదటివాణ్ణి
telugu,677,5,3,7,5,parataxis,2,right,PRON,NOUN,VERB,0,1,2,modifies_dependent,1.8499999999999999,1.0810810810810811,Telugu,SUD_Telugu-MTG,SOV,Dravidian,South Asia,real,0,te_mtg-sud-test.conllu,0,మొదటివాడు,పిలిచేను,నేను
telugu,677,6,3,7,6,parataxis,2,right,NOUN,NOUN,VERB,0,1,2,modifies_dependent,2.0,1.0,Telugu,SUD_Telugu-MTG,SOV,Dravidian,South Asia,real,0,te_mtg-sud-test.conllu,0,మొదటివాడు,పిలిచేను,మొదటివాణ్ణి
telugu,685,2,3,1,2,subj,1,left,PRON,VERB,PRON,0,1,1,modifies_head,1.45,0.6896551724137931,Telugu,SUD_Telugu-MTG,SOV,Dravidian,South Asia,real,0,te_mtg-sud-test.conllu,0,తిట్టేడు,వాడు,నిన్ను
telugu,688,3,4,2,3,subj,1,left,NOUN,VERB,PRON,0,1,1,modifies_head,1.6,0.625,Telugu,SUD_Telugu-MTG,SOV,Dravidian,South Asia,real,0,te_mtg-sud-test.conllu,0,ఐంది,వాడికి,ఆకలి
telugu,692,5,7,3,5,mod,2,left,PRON,VERB,SCONJ,0,1,2,neither,1.8499999999999999,1.0810810810810811,Telugu,SUD_Telugu-MTG,SOV,Dravidian,South Asia,real,0,te_mtg-sud-test.conllu,0,వినాలి,కాబట్టి,నా
telugu,692,6,7,3,6,mod,2,left,NOUN,VERB,SCONJ,1,2,1,modifies_head,3.2,0.625,Telugu,SUD_Telugu-MTG,SOV,Dravidian,South Asia,real,0,te_mtg-sud-test.conllu,0,వినాలి,కాబట్టి,మాట
telugu,698,2,3,1,2,subj,1,left,NOUN,VERB,PRON,0,1,1,modifies_head,1.6,0.625,Telugu,SUD_Telugu-MTG,SOV,Dravidian,South Asia,real,0,te_mtg-sud-test.conllu,0,తాగరు,వారు,సిగరెట్లు
telugu,701,2,4,1,2,subj,2,left,PRON,VERB,PRON,0,1,2,neither,1.8499999999999999,1.0810810810810811,Telugu,SUD_Telugu-MTG,SOV,Dravidian,South Asia,real,0,te_mtg-sud-test.conllu,0,కాదు,అది,మా
telugu,701,3,4,1,3,subj,2,left,NOUN,VERB,PRON,1,2,1,modifies_head,3.2,0.625,Telugu,SUD_Telugu-MTG,SOV,Dravidian,South Asia,real,0,te_mtg-sud-test.conllu,0,కాదు,అది,ఇల్లు
telugu,706,4,5,3,4,subj,1,left,DET,NOUN,VERB,0,1,2,modifies_head,1.7999999999999998,0.5555555555555556,Telugu,SUD_Telugu-MTG,SOV,Dravidian,South Asia,real,0,te_mtg-sud-test.conllu,0,అసాధ్యమో,సంపాదించటం,ఎంత
telugu,706,6,8,5,6,comp:obl,2,left,PRON,NOUN,NOUN,0,1,1,modifies_head,1.45,1.3793103448275863,Telugu,SUD_Telugu-MTG,SOV,Dravidian,South Asia,real,0,te_mtg-sud-test.conllu,0,అసాధ్యమే,అసాధ్యమో,ఇదీ
telugu,706,7,8,5,7,comp:obl,2,left,DET,NOUN,NOUN,0,1,1,modifies_head,1.4,1.4285714285714286,Telugu,SUD_Telugu-MTG,SOV,Dravidian,South Asia,real,0,te_mtg-sud-test.conllu,0,అసాధ్యమే,అసాధ్యమో,అంత
telugu,706,7,8,6,7,subj,1,left,DET,NOUN,PRON,0,1,1,modifies_head,1.4,0.7142857142857143,Telugu,SUD_Telugu-MTG,SOV,Dravidian,South Asia,real,0,te_mtg-sud-test.conllu,0,అసాధ్యమే,ఇదీ,అంత
telugu,710,4,5,3,4,comp:obl,1,left,DET,NOUN,VERB,0,1,1,modifies_head,1.4,0.7142857142857143,Telugu,SUD_Telugu-MTG,SOV,Dravidian,South Asia,real,0,te_mtg-sud-test.conllu,0,మంచిది,అయితే,అంత
telugu,715,2,3,1,2,subj,1,left,ADV,VERB,PRON,0,1,1,modifies_head,1.55,0.6451612903225806,Telugu,SUD_Telugu-MTG,SOV,Dravidian,South Asia,real,0,te_mtg-sud-test.conllu,0,ఉంటారు,మీరు,ఎక్కడ
telugu,740,2,3,1,2,subj,1,left,NOUN,NOUN,PRON,0,1,1,modifies_head,1.6,0.625,Telugu,SUD_Telugu-MTG,SOV,Dravidian,South Asia,real,0,te_mtg-sud-test.conllu,0,పక్క,ఇది,మెత్తని
telugu,743,2,3,1,2,subj,1,left,ADV,VERB,NOUN,0,1,1,modifies_head,1.55,0.6451612903225806,Telugu,SUD_Telugu-MTG,SOV,Dravidian,South Asia,real,0,te_mtg-sud-test.conllu,0,ఉన్నాడు,దేవుడు,అంతటా
telugu,753,2,4,1,2,subj,2,left,NOUN,VERB,NOUN,0,1,2,neither,2.0,1.0,Telugu,SUD_Telugu-MTG,SOV,Dravidian,South Asia,real,0,te_mtg-sud-test.conllu,0,ఉన్నాయ్,కాయితాలు,పెట్టె
telugu,753,3,4,1,3,subj,2,left,ADP,VERB,NOUN,1,2,1,modifies_head,3.0,0.6666666666666666,Telugu,SUD_Telugu-MTG,SOV,Dravidian,South Asia,real,0,te_mtg-sud-test.conllu,0,ఉన్నాయ్,కాయితాలు,కింద
telugu,755,2,3,1,2,udep,1,left,NOUN,VERB,NOUN,0,1,1,modifies_head,1.6,0.625,Telugu,SUD_Telugu-MTG,SOV,Dravidian,South Asia,real,0,te_mtg-sud-test.conllu,0,ఉన్నది,ఊరిబైట,గుడి
telugu,756,3,6,2,3,subj,3,left,PROPN,VERB,NOUN,0,1,3,neither,2.3500000000000005,1.2765957446808507,Telugu,SUD_Telugu-MTG,SOV,Dravidian,South Asia,real,0,te_mtg-sud-test.conllu,0,ఉన్నది,ఊరు,కృష్ణా
telugu,756,4,6,2,4,subj,3,left,NOUN,VERB,NOUN,1,2,2,neither,3.6,0.8333333333333333,Telugu,SUD_Telugu-MTG,SOV,Dravidian,South Asia,real,0,te_mtg-sud-test.conllu,0,ఉన్నది,ఊరు,నది
telugu,756,5,6,2,5,subj,3,left,ADP,VERB,NOUN,1,3,1,modifies_head,3.5999999999999996,0.8333333333333334,Telugu,SUD_Telugu-MTG,SOV,Dravidian,South Asia,real,0,te_mtg-sud-test.conllu,0,ఉన్నది,ఊరు,దగ్గిర
telugu,769,3,6,2,3,comp:obj,3,left,PRON,VERB,NOUN,0,1,1,modifies_head,1.45,2.0689655172413794,Telugu,SUD_Telugu-MTG,SOV,Dravidian,South Asia,real,0,te_mtg-sud-test.conllu,0,ఇస్తారా,పుస్తకం,నాకు
telugu,769,4,6,2,4,comp:obj,3,left,NOUN,VERB,NOUN,0,1,2,neither,2.0,1.5,Telugu,SUD_Telugu-MTG,SOV,Dravidian,South Asia,real,0,te_mtg-sud-test.conllu,0,ఇస్తారా,పుస్తకం,నెల
telugu,769,5,6,2,5,comp:obj,3,left,NOUN,VERB,NOUN,1,2,1,modifies_head,3.2,0.9375,Telugu,SUD_Telugu-MTG,SOV,Dravidian,South Asia,real,0,te_mtg-sud-test.conllu,0,ఇస్తారా,పుస్తకం,రోజులపాటు
telugu,769,4,6,3,4,comp:obl,2,left,NOUN,VERB,PRON,0,1,2,neither,2.0,1.0,Telugu,SUD_Telugu-MTG,SOV,Dravidian,South Asia,real,0,te_mtg-sud-test.conllu,0,ఇస్తారా,నాకు,నెల
telugu,769,5,6,3,5,comp:obl,2,left,NOUN,VERB,PRON,1,2,1,modifies_head,3.2,0.625,Telugu,SUD_Telugu-MTG,SOV,Dravidian,South Asia,real,0,te_mtg-sud-test.conllu,0,ఇస్తారా,నాకు,రోజులపాటు
telugu,771,3,4,2,3,mod,1,left,NOUN,VERB,VERB,0,1,1,modifies_head,1.6,0.625,Telugu,SUD_Telugu-MTG,SOV,Dravidian,South Asia,real,0,te_mtg-sud-test.conllu,0,పుట్టేడు,పుట్టక,కొడుకు
telugu,780,4,5,2,4,mod,1,left,PRON,VERB,VERB,0,1,1,modifies_head,1.45,0.6896551724137931,Telugu,SUD_Telugu-MTG,SOV,Dravidian,South Asia,real,0,te_mtg-sud-test.conllu,0,వెళ్తాను,రాకపోయినా,నేను
telugu,784,2,3,1,2,subj,1,left,PRON,VERB,PRON,0,1,1,modifies_head,1.45,0.6896551724137931,Telugu,SUD_Telugu-MTG,SOV,Dravidian,South Asia,real,0,te_mtg-sud-test.conllu,0,రా,నువ్వూ,నాతో
telugu,800,3,4,2,3,udep@tmod,1,left,PROPN,VERB,NOUN,0,1,1,modifies_head,1.55,0.6451612903225806,Telugu,SUD_Telugu-MTG,SOV,Dravidian,South Asia,real,0,te_mtg-sud-test.conllu,0,గడిపేడు,రోజంతా,దయాల్బాగ్లో
telugu,802,3,5,2,3,udep,2,left,NOUN,VERB,NOUN,0,1,1,modifies_head,1.6,1.25,Telugu,SUD_Telugu-MTG,SOV,Dravidian,South Asia,real,0,te_mtg-sud-test.conllu,0,కౌగిలించేడు,చేతులతోనూ,నన్ను
telugu,802,4,5,2,4,udep,2,left,VERB,VERB,NOUN,0,1,1,modifies_head,1.65,1.2121212121212122,Telugu,SUD_Telugu-MTG,SOV,Dravidian,South Asia,real,0,te_mtg-sud-test.conllu,0,కౌగిలించేడు,చేతులతోనూ,పట్టుకుని
telugu,802,4,5,3,4,comp:obj,1,left,VERB,VERB,NOUN,0,1,1,modifies_head,1.65,0.6060606060606061,Telugu,SUD_Telugu-MTG,SOV,Dravidian,South Asia,real,0,te_mtg-sud-test.conllu,0,కౌగిలించేడు,నన్ను,పట్టుకుని
telugu,825,2,5,1,2,discourse,3,left,ADV,VERB,PART,0,1,1,modifies_head,1.55,1.9354838709677418,Telugu,SUD_Telugu-MTG,SOV,Dravidian,South Asia,real,0,te_mtg-sud-test.conllu,0,ఉండాలనిపించింది,ఏమిటో,ఇక్కడ
telugu,825,3,5,1,3,discourse,3,left,DET,VERB,PART,0,1,2,neither,1.7999999999999998,1.6666666666666667,Telugu,SUD_Telugu-MTG,SOV,Dravidian,South Asia,real,0,te_mtg-sud-test.conllu,0,ఉండాలనిపించింది,ఏమిటో,కొంత
telugu,825,4,5,1,4,discourse,3,left,NOUN,VERB,PART,1,2,1,modifies_head,3.2,0.9375,Telugu,SUD_Telugu-MTG,SOV,Dravidian,South Asia,real,0,te_mtg-sud-test.conllu,0,ఉండాలనిపించింది,ఏమిటో,కాలం
telugu,825,3,5,2,3,mod,2,left,DET,VERB,ADV,0,1,2,neither,1.7999999999999998,1.1111111111111112,Telugu,SUD_Telugu-MTG,SOV,Dravidian,South Asia,real,0,te_mtg-sud-test.conllu,0,ఉండాలనిపించింది,ఇక్కడ,కొంత
telugu,825,4,5,2,4,mod,2,left,NOUN,VERB,ADV,1,2,1,modifies_head,3.2,0.625,Telugu,SUD_Telugu-MTG,SOV,Dravidian,South Asia,real,0,te_mtg-sud-test.conllu,0,ఉండాలనిపించింది,ఇక్కడ,కాలం
telugu,850,2,3,1,2,subj,1,left,NOUN,VERB,PROPN,0,1,1,modifies_head,1.6,0.625,Telugu,SUD_Telugu-MTG,SOV,Dravidian,South Asia,real,0,te_mtg-sud-test.conllu,0,"వెళ్ళి,",రాము,ఇంటికి
telugu,850,4,3,5,4,conj:coord,1,right,NOUN,VERB,VERB,0,1,2,modifies_dependent,2.0,0.5,Telugu,SUD_Telugu-MTG,SOV,Dravidian,South Asia,real,0,te_mtg-sud-test.conllu,0,"వెళ్ళి,",చదువుతాడు,పేపరు
telugu,855,2,3,1,2,subj,1,left,NOUN,VERB,PROPN,0,1,1,modifies_head,1.6,0.625,Telugu,SUD_Telugu-MTG,SOV,Dravidian,South Asia,real,0,te_mtg-sud-test.conllu,0,తింటాడు,రాము,ఇడ్లీలు
telugu,857,2,6,1,2,subj,3,left,NOUN,VERB,PROPN,0,1,2,neither,2.0,1.5,Telugu,SUD_Telugu-MTG,SOV,Dravidian,South Asia,real,0,te_mtg-sud-test.conllu,0,తాగేడు,రాము,ఇడ్లీలు
telugu,857,3,6,1,3,subj,3,left,VERB,VERB,PROPN,1,2,1,modifies_head,3.25,0.9230769230769231,Telugu,SUD_Telugu-MTG,SOV,Dravidian,South Asia,real,0,te_mtg-sud-test.conllu,0,తాగేడు,రాము,తిని
telugu,857,5,6,1,5,subj,3,left,NOUN,VERB,PROPN,0,1,1,modifies_head,1.6,1.875,Telugu,SUD_Telugu-MTG,SOV,Dravidian,South Asia,real,0,te_mtg-sud-test.conllu,0,తాగేడు,రాము,కాఫీ
telugu,857,5,6,3,5,mod,1,left,NOUN,VERB,VERB,0,1,1,modifies_head,1.6,0.625,Telugu,SUD_Telugu-MTG,SOV,Dravidian,South Asia,real,0,te_mtg-sud-test.conllu,0,తాగేడు,తిని,కాఫీ
telugu,858,2,3,1,2,subj,1,left,NOUN,VERB,NOUN,0,1,1,modifies_head,1.6,0.625,Telugu,SUD_Telugu-MTG,SOV,Dravidian,South Asia,real,0,te_mtg-sud-test.conllu,0,తింటాడు,రాము,ఇడ్లీలు
telugu,858,5,3,6,5,conj:coord,1,right,NOUN,VERB,VERB,0,1,2,modifies_dependent,2.0,0.5,Telugu,SUD_Telugu-MTG,SOV,Dravidian,South Asia,real,0,te_mtg-sud-test.conllu,0,తింటాడు,తాగేడు,కాఫీ
telugu,864,2,5,1,2,subj,3,left,ADV,VERB,PROPN,0,1,2,modifies_dependent,1.95,1.5384615384615385,Telugu,SUD_Telugu-MTG,SOV,Dravidian,South Asia,real,0,te_mtg-sud-test.conllu,0,నడుస్తారు,రాము,తొందరగాను
telugu,864,3,5,1,3,subj,3,left,PROPN,VERB,PROPN,0,1,2,modifies_dependent,1.95,1.5384615384615385,Telugu,SUD_Telugu-MTG,SOV,Dravidian,South Asia,real,0,te_mtg-sud-test.conllu,0,నడుస్తారు,రాము,కమల
telugu,864,4,5,1,4,subj,3,left,ADV,VERB,PROPN,0,1,1,modifies_head,1.55,1.9354838709677418,Telugu,SUD_Telugu-MTG,SOV,Dravidian,South Asia,real,0,te_mtg-sud-test.conllu,0,నడుస్తారు,రాము,మెల్లగాను
telugu,864,2,1,3,2,conj:coord,1,right,ADV,PROPN,PROPN,0,1,2,modifies_head,1.95,0.5128205128205129,Telugu,SUD_Telugu-MTG,SOV,Dravidian,South Asia,real,0,te_mtg-sud-test.conllu,0,రాము,కమల,తొందరగాను
telugu,870,2,3,1,2,subj,1,left,NOUN,VERB,PRON,0,1,1,modifies_head,1.6,0.625,Telugu,SUD_Telugu-MTG,SOV,Dravidian,South Asia,real,0,te_mtg-sud-test.conllu,0,రావటం,మీరు,క్లేసుకు
telugu,894,2,11,1,2,udep,7,left,NOUN,VERB,NOUN,1,2,1,modifies_head,3.2,2.1875,Telugu,SUD_Telugu-MTG,SOV,Dravidian,South Asia,real,0,te_mtg-sud-test.conllu,0,అంటున్నాయి,హృదయంలో,ఏడుపు
telugu,894,4,11,1,4,udep,7,left,NOUN,VERB,NOUN,0,1,2,neither,2.0,3.5,Telugu,SUD_Telugu-MTG,SOV,Dravidian,South Asia,real,0,te_mtg-sud-test.conllu,0,అంటున్నాయి,హృదయంలో,కోపం
telugu,894,5,11,1,5,udep,7,left,PRON,VERB,NOUN,1,2,2,neither,3.45,2.0289855072463765,Telugu,SUD_Telugu-MTG,SOV,Dravidian,South Asia,real,0,te_mtg-sud-test.conllu,1,అంటున్నాయి,హృదయంలో,నేను
telugu,894,6,11,1,6,udep,7,left,ADV,VERB,NOUN,0,1,3,neither,2.3500000000000005,2.9787234042553186,Telugu,SUD_Telugu-MTG,SOV,Dravidian,South Asia,real,0,te_mtg-sud-test.conllu,0,అంటున్నాయి,హృదయంలో,ముందు
telugu,894,7,11,1,7,udep,7,left,VERB,VERB,NOUN,2,5,1,modifies_head,6.050000000000001,1.1570247933884297,Telugu,SUD_Telugu-MTG,SOV,Dravidian,South Asia,real,0,te_mtg-sud-test.conllu,0,అంటున్నాయి,హృదయంలో,అంటే
telugu,894,9,11,1,9,udep,7,left,PRON,VERB,NOUN,1,2,2,neither,3.45,2.0289855072463765,Telugu,SUD_Telugu-MTG,SOV,Dravidian,South Asia,real,0,te_mtg-sud-test.conllu,0,అంటున్నాయి,హృదయంలో,నేను
telugu,894,10,11,1,10,udep,7,left,ADV,VERB,NOUN,0,1,3,neither,2.3500000000000005,2.9787234042553186,Telugu,SUD_Telugu-MTG,SOV,Dravidian,South Asia,real,0,te_mtg-sud-test.conllu,1,అంటున్నాయి,హృదయంలో,ముందు
telugu,894,4,11,2,4,subj,6,left,NOUN,VERB,NOUN,0,1,2,modifies_dependent,2.0,3.0,Telugu,SUD_Telugu-MTG,SOV,Dravidian,South Asia,real,0,te_mtg-sud-test.conllu,0,అంటున్నాయి,ఏడుపు,కోపం
telugu,894,5,11,2,5,subj,6,left,PRON,VERB,NOUN,1,2,2,neither,3.45,1.7391304347826086,Telugu,SUD_Telugu-MTG,SOV,Dravidian,South Asia,real,0,te_mtg-sud-test.conllu,1,అంటున్నాయి,ఏడుపు,నేను
telugu,894,6,11,2,6,subj,6,left,ADV,VERB,NOUN,0,1,3,neither,2.3500000000000005,2.5531914893617014,Telugu,SUD_Telugu-MTG,SOV,Dravidian,South Asia,real,0,te_mtg-sud-test.conllu,0,అంటున్నాయి,ఏడుపు,ముందు
telugu,894,7,11,2,7,subj,6,left,VERB,VERB,NOUN,2,5,1,modifies_head,6.050000000000001,0.9917355371900826,Telugu,SUD_Telugu-MTG,SOV,Dravidian,South Asia,real,0,te_mtg-sud-test.conllu,0,అంటున్నాయి,ఏడుపు,అంటే
telugu,894,9,11,2,9,subj,6,left,PRON,VERB,NOUN,1,2,2,neither,3.45,1.7391304347826086,Telugu,SUD_Telugu-MTG,SOV,Dravidian,South Asia,real,0,te_mtg-sud-test.conllu,0,అంటున్నాయి,ఏడుపు,నేను
telugu,894,10,11,2,10,subj,6,left,ADV,VERB,NOUN,0,1,3,neither,2.3500000000000005,2.5531914893617014,Telugu,SUD_Telugu-MTG,SOV,Dravidian,South Asia,real,0,te_mtg-sud-test.conllu,1,అంటున్నాయి,ఏడుపు,ముందు
telugu,894,6,7,5,6,subj,1,left,ADV,VERB,PRON,0,1,3,modifies_dependent,2.3500000000000005,0.4255319148936169,Telugu,SUD_Telugu-MTG,SOV,Dravidian,South Asia,real,0,te_mtg-sud-test.conllu,0,అంటే,నేను,ముందు
telugu,894,9,11,7,9,comp:obj,2,left,PRON,VERB,VERB,1,2,2,modifies_dependent,3.45,0.5797101449275363,Telugu,SUD_Telugu-MTG,SOV,Dravidian,South Asia,real,0,te_mtg-sud-test.conllu,0,అంటున్నాయి,అంటే,నేను
telugu,894,10,11,7,10,comp:obj,2,left,ADV,VERB,VERB,0,1,3,neither,2.3500000000000005,0.8510638297872338,Telugu,SUD_Telugu-MTG,SOV,Dravidian,South Asia,real,0,te_mtg-sud-test.conllu,1,అంటున్నాయి,అంటే,ముందు
telugu,906,2,5,1,2,subj,3,left,PRON,VERB,NOUN,0,1,3,neither,2.2500000000000004,1.333333333333333,Telugu,SUD_Telugu-MTG,SOV,Dravidian,South Asia,real,0,te_mtg-sud-test.conllu,0,బతుకుతాడు,మానవుడు,నా
telugu,906,3,5,1,3,subj,3,left,SCONJ,VERB,NOUN,1,2,2,neither,3.35,0.8955223880597015,Telugu,SUD_Telugu-MTG,SOV,Dravidian,South Asia,real,0,te_mtg-sud-test.conllu,0,బతుకుతాడు,మానవుడు,అనే
telugu,906,4,5,1,4,subj,3,left,NOUN,VERB,NOUN,1,3,1,modifies_head,3.8,0.7894736842105263,Telugu,SUD_Telugu-MTG,SOV,Dravidian,South Asia,real,0,te_mtg-sud-test.conllu,0,బతుకుతాడు,మానవుడు,వ్యక్తులకోసం
telugu,906,7,5,9,7,parataxis,2,right,PRON,VERB,VERB,0,1,3,neither,2.2500000000000004,0.8888888888888887,Telugu,SUD_Telugu-MTG,SOV,Dravidian,South Asia,real,0,te_mtg-sud-test.conllu,0,బతుకుతాడు,కాదు,తన
telugu,906,8,5,9,8,parataxis,2,right,ADP,VERB,VERB,1,2,2,modifies_dependent,3.4,0.5882352941176471,Telugu,SUD_Telugu-MTG,SOV,Dravidian,South Asia,real,0,te_mtg-sud-test.conllu,0,బతుకుతాడు,కాదు,కోసం
telugu,910,2,3,1,2,subj,1,left,NOUN,VERB,PRON,0,1,1,modifies_head,1.6,0.625,Telugu,SUD_Telugu-MTG,SOV,Dravidian,South Asia,real,0,te_mtg-sud-test.conllu,0,వెళ్ళేం,మేం,ఇంటికి
telugu,934,2,4,1,2,comp:obj,2,left,NOUN,VERB,PRON,0,1,1,modifies_head,1.6,1.25,Telugu,SUD_Telugu-MTG,SOV,Dravidian,South Asia,real,0,te_mtg-sud-test.conllu,0,పొడిచింది,వాణ్ణి,ఎద్దు
telugu,934,3,4,1,3,comp:obj,2,left,NOUN,VERB,PRON,0,1,1,modifies_head,1.6,1.25,Telugu,SUD_Telugu-MTG,SOV,Dravidian,South Asia,real,0,te_mtg-sud-test.conllu,0,పొడిచింది,వాణ్ణి,కొమ్ములతో
telugu,934,3,4,2,3,subj,1,left,NOUN,VERB,NOUN,0,1,1,modifies_head,1.6,0.625,Telugu,SUD_Telugu-MTG,SOV,Dravidian,South Asia,real,0,te_mtg-sud-test.conllu,0,పొడిచింది,ఎద్దు,కొమ్ములతో
telugu,956,2,3,1,2,subj,1,left,NOUN,VERB,NOUN,0,1,1,modifies_head,1.6,0.625,Telugu,SUD_Telugu-MTG,SOV,Dravidian,South Asia,real,0,te_mtg-sud-test.conllu,0,వెళ్ళింది,ఆవు,మేతకు
telugu,964,2,4,1,2,subj,2,left,NOUN,NOUN,PRON,0,1,2,neither,2.0,1.0,Telugu,SUD_Telugu-MTG,SOV,Dravidian,South Asia,real,0,te_mtg-sud-test.conllu,0,ప్రయత్నిస్తున్నాడు,వాడు,డబ్బు
telugu,964,3,4,1,3,subj,2,left,ADP,NOUN,PRON,1,2,1,modifies_head,3.0,0.6666666666666666,Telugu,SUD_Telugu-MTG,SOV,Dravidian,South Asia,real,0,te_mtg-sud-test.conllu,0,ప్రయత్నిస్తున్నాడు,వాడు,కోసం
telugu,967,2,6,1,2,comp:obj,4,left,PRON,VERB,PRON,1,2,2,neither,3.45,1.1594202898550725,Telugu,SUD_Telugu-MTG,SOV,Dravidian,South Asia,real,0,te_mtg-sud-test.conllu,0,తెలుసు,ఇది,నా
telugu,967,3,6,1,3,comp:obj,4,left,ADP,VERB,PRON,1,3,1,modifies_head,3.5999999999999996,1.1111111111111112,Telugu,SUD_Telugu-MTG,SOV,Dravidian,South Asia,real,0,te_mtg-sud-test.conllu,0,తెలుసు,ఇది,కన్నా
telugu,967,4,6,1,4,comp:obj,4,left,NOUN,VERB,PRON,0,1,3,neither,2.4000000000000004,1.6666666666666665,Telugu,SUD_Telugu-MTG,SOV,Dravidian,South Asia,real,0,te_mtg-sud-test.conllu,0,తెలుసు,ఇది,ఎక్కువ
telugu,967,5,6,1,5,comp:obj,4,left,PRON,VERB,PRON,0,1,1,modifies_head,1.45,2.7586206896551726,Telugu,SUD_Telugu-MTG,SOV,Dravidian,South Asia,real,0,te_mtg-sud-test.conllu,0,తెలుసు,ఇది,ఎవరికి
telugu,967,4,6,3,4,udep@cmp,2,left,NOUN,VERB,ADP,0,1,3,neither,2.4000000000000004,0.8333333333333333,Telugu,SUD_Telugu-MTG,SOV,Dravidian,South Asia,real,0,te_mtg-sud-test.conllu,0,తెలుసు,కన్నా,ఎక్కువ
telugu,967,5,6,3,5,udep@cmp,2,left,PRON,VERB,ADP,0,1,1,modifies_head,1.45,1.3793103448275863,Telugu,SUD_Telugu-MTG,SOV,Dravidian,South Asia,real,0,te_mtg-sud-test.conllu,0,తెలుసు,కన్నా,ఎవరికి
telugu,967,3,2,4,3,clf,1,right,ADP,PRON,NOUN,1,3,1,neither,3.5999999999999996,0.2777777777777778,Telugu,SUD_Telugu-MTG,SOV,Dravidian,South Asia,real,0,te_mtg-sud-test.conllu,0,నా,ఎక్కువ,కన్నా
telugu,980,2,5,1,2,subj,3,left,DET,VERB,PRON,0,1,2,neither,1.7999999999999998,1.6666666666666667,Telugu,SUD_Telugu-MTG,SOV,Dravidian,South Asia,real,0,te_mtg-sud-test.conllu,0,మాట్లాడగూడదు,నేను,ఈ
telugu,980,3,5,1,3,subj,3,left,NOUN,VERB,PRON,1,2,1,modifies_head,3.2,0.9375,Telugu,SUD_Telugu-MTG,SOV,Dravidian,South Asia,real,0,te_mtg-sud-test.conllu,0,మాట్లాడగూడదు,నేను,సంగతి
telugu,980,4,5,1,4,subj,3,left,PRON,VERB,PRON,0,1,1,modifies_head,1.45,2.0689655172413794,Telugu,SUD_Telugu-MTG,SOV,Dravidian,South Asia,real,0,te_mtg-sud-test.conllu,0,మాట్లాడగూడదు,నేను,మీతో
telugu,980,4,5,3,4,comp:obj,1,left,PRON,VERB,NOUN,0,1,1,modifies_head,1.45,0.6896551724137931,Telugu,SUD_Telugu-MTG,SOV,Dravidian,South Asia,real,0,te_mtg-sud-test.conllu,0,మాట్లాడగూడదు,సంగతి,మీతో
telugu,983,2,6,1,2,comp:obj,4,left,DET,VERB,PRON,0,1,2,neither,1.7999999999999998,2.2222222222222223,Telugu,SUD_Telugu-MTG,SOV,Dravidian,South Asia,real,0,te_mtg-sud-test.conllu,0,తెలుసు,నాకు,ఆ
telugu,983,3,6,1,3,comp:obj,4,left,NOUN,VERB,PRON,1,2,1,modifies_head,3.2,1.25,Telugu,SUD_Telugu-MTG,SOV,Dravidian,South Asia,real,0,te_mtg-sud-test.conllu,0,తెలుసు,నాకు,సంగతి
telugu,983,4,6,1,4,comp:obj,4,left,NOUN,VERB,PRON,0,1,2,neither,2.0,2.0,Telugu,SUD_Telugu-MTG,SOV,Dravidian,South Asia,real,0,te_mtg-sud-test.conllu,0,తెలుసు,నాకు,పదేళ్ళ
telugu,983,5,6,1,5,comp:obj,4,left,ADP,VERB,PRON,1,2,1,modifies_head,3.0,1.3333333333333333,Telugu,SUD_Telugu-MTG,SOV,Dravidian,South Asia,real,0,te_mtg-sud-test.conllu,0,తెలుసు,నాకు,కిందట
telugu,983,4,6,3,4,subj,2,left,NOUN,VERB,NOUN,0,1,2,neither,2.0,1.0,Telugu,SUD_Telugu-MTG,SOV,Dravidian,South Asia,real,0,te_mtg-sud-test.conllu,0,తెలుసు,సంగతి,పదేళ్ళ
telugu,983,5,6,3,5,subj,2,left,ADP,VERB,NOUN,1,2,1,modifies_head,3.0,0.6666666666666666,Telugu,SUD_Telugu-MTG,SOV,Dravidian,South Asia,real,0,te_mtg-sud-test.conllu,0,తెలుసు,సంగతి,కిందట
telugu,1021,2,3,1,2,comp:obj,1,left,NOUN,VERB,PRON,0,1,1,modifies_head,1.6,0.625,Telugu,SUD_Telugu-MTG,SOV,Dravidian,South Asia,real,0,te_mtg-sud-test.conllu,0,వచ్చు,అతనికి,తెలుగు
telugu,1064,4,5,2,4,mod@cond,1,left,NOUN,VERB,VERB,0,1,1,modifies_head,1.6,0.625,Telugu,SUD_Telugu-MTG,SOV,Dravidian,South Asia,real,0,te_mtg-sud-test.conllu,0,వస్తుంది,అమ్మితే,డబ్బు
telugu,1067,4,5,2,4,mod@cond,1,left,NOUN,VERB,VERB,0,1,1,modifies_head,1.6,0.625,Telugu,SUD_Telugu-MTG,SOV,Dravidian,South Asia,real,0,te_mtg-sud-test.conllu,0,ఏడవరు,పెడితే,పిల్లలు
telugu,1100,2,3,1,2,subj,1,left,PRON,VERB,PRON,0,1,1,modifies_head,1.45,0.6896551724137931,Telugu,SUD_Telugu-MTG,SOV,Dravidian,South Asia,real,0,te_mtg-sud-test.conllu,0,కొట్టబోయేడు,వాడు,నన్ను
